Date,Buy & hold SPY,Target 12% via Trailing 22d,Target 12% via HAR,"Target 12% via GARCH(1,1)",Target 12% via XGBoost,Target 12% via XGBoost-QLIKE,Target 12% via XGBoost +BC,Target 12% via Combo,Target 12% via Stacked,Target 12% via Blend
2004-10-25,1.0332236,1.0353939940855346,1.0339552198367126,1.0301853971849533,1.039397,1.0392922,1.0393970442499774,1.034307496459298,1.034307496459298,1.034307496459298
2004-11-01,1.0659932,1.0667865969213401,1.0667819003831716,1.0587750925676327,1.0780163,1.0780005,1.078016364880752,1.0673950003904744,1.0673950003904744,1.0673950003904744
2004-11-08,1.0839415,1.0843895250360887,1.0829432590229056,1.0737919991880809,1.0951288,1.0958767,1.0951287822887739,1.0834630279773403,1.0834630279773403,1.0834630279773403
2004-11-15,1.0770942,1.0773478614136986,1.0754357644700967,1.0676441314140666,1.0876439,1.0880989,1.08764392780305,1.0764490162022122,1.0764490162022122,1.0764490162022122
2004-11-22,1.076273,1.0765228783868064,1.0745759172539218,1.0669050160443434,1.0867221,1.0871812,1.086722259756872,1.075616712971818,1.075616712971818,1.075616712971818
2004-11-30,1.07819,1.078891414406216,1.0766954460590143,1.0687961789856577,1.0889738,1.0894614,1.088973862936954,1.0776978950914373,1.0776978950914373,1.0776978950914373
2004-12-07,1.1027477,1.112953036597409,1.104102525625483,1.0927269468373655,1.1156191,1.1142502,1.1156191768094619,1.1036384832651371,1.1036384832651371,1.1036384832651371
2004-12-14,1.1042879,1.1150513459522151,1.1058644336851133,1.094259533837902,1.1173732,1.1158894,1.117373294478616,1.1053171541106765,1.1053171541106765,1.1053171541106765
2004-12-21,1.1131859,1.127696902189661,1.1155728167997505,1.1033967822066977,1.1279383,1.1267837,1.1301445905297647,1.1151071911643102,1.1151071911643102,1.1151071911643102
2004-12-29,1.0824581,1.0809838475266664,1.075331237891416,1.069731715771102,1.0943694,1.0912246,1.0885244196950674,1.0794425513791899,1.0794425513791899,1.0794425513791899
2005-01-05,1.0875943,1.0884010341229295,1.0804588004319302,1.0748709380127177,1.0998907,1.0964324,1.0954786852882243,1.084701893363604,1.084701893363604,1.084701893363604
2005-01-12,1.0777793,1.0738451844561006,1.0705010878038699,1.0647181986030536,1.0891073,1.0857375,1.0817544279921223,1.0744128806488011,1.0744128806488011,1.0744128806488011
2005-01-20,1.0771375,1.0729903800963645,1.0697803766010379,1.0641002314231371,1.0884135,1.085031,1.0808831770410525,1.0737485993931881,1.0737485993931881,1.0737485993931881
2005-01-27,1.0911716,1.0907457085709182,1.0854821881785806,1.0782095497957835,1.1029729,1.0999898,1.0988218141150752,1.0885244602019588,1.0885244602019588,1.0885244602019588
2005-02-03,1.0983258,1.0996440057570556,1.093952464525027,1.0856859218316597,1.1109805,1.1084968,1.1086670812417825,1.09649654053749,1.09649654053749,1.09649654053749
2005-02-10,1.1028209,1.1054699525965923,1.0994347392412298,1.0902816257053658,1.1157204,1.1130216,1.114510921778312,1.1014241644378526,1.1014241644378526,1.1014241644378526
2005-02-17,1.113828,1.1208726001099545,1.1135830504134083,1.1015168924378085,1.127411,1.1242181,1.129065578444019,1.1137152402924253,1.1137152402924253,1.1137152402924253
2005-02-25,1.1257521,1.1353106494287204,1.1269127402483778,1.1121472986891894,1.1399709,1.1360277,1.1447521749244698,1.1258298842660326,1.1258298842660326,1.1258298842660326
2005-03-04,1.1042879,1.1109594311168225,1.105114602333051,1.0929320242724772,1.1181426,1.1150051,1.1178275447781063,1.1049285548887855,1.1049285548887855,1.1049285548887855
2005-03-11,1.0915902,1.0970198043112094,1.0921546856187536,1.0813171678680369,1.1051934,1.1016434,1.102125337243112,1.0924416348599348,1.0924416348599348,1.0924416348599348
2005-03-18,1.0802634,1.0848054504682425,1.0807932208473343,1.0707140583240604,1.0938845,1.0901272,1.0886460120104748,1.0813631696381079,1.0813631696381079,1.0813631696381079
2005-03-28,1.0832105,1.08833208036606,1.0838345017281092,1.0736060991989376,1.0968482,1.0931854,1.0921470102515893,1.084327153233031,1.084327153233031,1.084327153233031
2005-04-04,1.0874465,1.0932683197348738,1.0877559645526944,1.077624957258833,1.1009959,1.0973152,1.0970237973269474,1.0883541058476118,1.0883541058476118,1.0883541058476118
2005-04-11,1.0543875,1.0518945757890288,1.0493145787592133,1.0458418089951393,1.0673803,1.062773,1.0574718221682207,1.0538636747224683,1.0538636747224683,1.0538636747224683
2005-04-18,1.0712389,1.0696254860635606,1.064933521302872,1.0597298091138518,1.0830388,1.0779169,1.0757073936398565,1.0688919815622415,1.0688919815622415,1.0688919815622415
2005-04-25,1.0718837,1.0701411497503992,1.0654725791300172,1.0601846261279888,1.0836134,1.0785002,1.0763635167370311,1.0694122996557656,1.0694122996557656,1.0694122996557656
2005-05-02,1.0849597,1.080708571035889,1.0760936032517363,1.0696744390125248,1.0948129,1.0902214,1.0889806376611377,1.0798215990323998,1.0798215990323998,1.0798215990323998
2005-05-09,1.0755672,1.0731732701057264,1.067739172696959,1.0620615026759588,1.085911,1.0812497,1.0791413714186586,1.0715513081061618,1.0715513081061618,1.0715513081061618
2005-05-16,1.1030086,1.0958015584464065,1.0915021932596356,1.0841984285320645,1.1138046,1.1077188,1.1095350979348757,1.0960296281354243,1.0960296281354243,1.0960296281354243
2005-05-23,1.1002458,1.092950628681857,1.08877576780775,1.0818396201035532,1.1111082,1.1049639,1.1065897900297577,1.0934480463449348,1.0934480463449348,1.0934480463449348
2005-05-31,1.1062313,1.099752833148436,1.0954505750602763,1.0873734637665033,1.1173044,1.1113845,1.1134213734179428,1.0995626534550844,1.0995626534550844,1.0995626534550844
2005-06-07,1.1129543,1.1082035479067964,1.102315109556655,1.0939890170231539,1.1244903,1.1185167,1.1214374100567184,1.1064586079900458,1.1064586079900458,1.1064586079900458
2005-06-14,1.1230857,1.1232844677953913,1.113675739820337,1.1047014936995603,1.1343913,1.1284837,1.132664644183042,1.1171097533993593,1.1171097533993593,1.1171097533993593
2005-06-21,1.1108818,1.1049753742525612,1.0987766531635925,1.0908462612871022,1.1225502,1.1177593,1.118815781017935,1.1036454242861684,1.1036454242861684,1.1036454242861684
2005-06-28,1.1046866,1.0957319530630831,1.091357283603086,1.0847353777763542,1.1161773,1.1117219,1.1112511103362108,1.0970458182050598,1.0970458182050598,1.0970458182050598
2005-07-06,1.1319616,1.1355578275130842,1.1225569861021953,1.1111711525747152,1.1431153,1.1371634,1.1434933989517087,1.1251510104802098,1.1251510104802098,1.1251510104802098
2005-07-13,1.1412998,1.147845689863647,1.1333083978341016,1.1202888378886238,1.152822,1.1462051,1.1551913041039952,1.1349833517529044,1.1349833517529044,1.1349833517529044
2005-07-20,1.1445361,1.152024132322394,1.1367746571595652,1.1236180850795523,1.1563373,1.1493561,1.1594472130969344,1.1384292495634565,1.1384292495634565,1.1384292495634565
2005-07-27,1.1531351,1.164458606895941,1.1469821881913913,1.1327395982050963,1.1655008,1.1577777,1.1706224041627866,1.1479138395495156,1.1479138395495156,1.1479138395495156
2005-08-03,1.1402826,1.1459108216875706,1.130438843579663,1.119069952013871,1.1519208,1.1448944,1.153897017634635,1.1333852289125574,1.1333852289125574,1.1333852289125574
2005-08-10,1.1298349,1.1301456415492024,1.1196137588471993,1.108081519676636,1.1414602,1.1352186,1.1409210615456127,1.1226337243601205,1.1226337243601205,1.1226337243601205
2005-08-17,1.1201271,1.1169496087016217,1.1083250461322305,1.098653380768823,1.1314089,1.1257569,1.1284196956865973,1.112421948484522,1.112421948484522,1.112421948484522
2005-08-24,1.1333485,1.1353456746886006,1.1214198771827963,1.1120000481831325,1.1441289,1.1383281,1.144256299786485,1.1254765460526428,1.1254765460526428,1.1254765460526428
2005-08-31,1.141854,1.145666272661382,1.1301176642026314,1.1198236969194288,1.1529619,1.1474156,1.155279899650005,1.1339274955497525,1.1339274955497525,1.1339274955497525
2005-09-08,1.1386185,1.1417071405198385,1.1267465382134902,1.116743439222283,1.149571,1.1439601,1.151045487913542,1.130650708455733,1.130650708455733,1.130650708455733
2005-09-15,1.126659,1.1270781892036088,1.1127518861598693,1.1048925723698122,1.1366054,1.1306609,1.1348716109476165,1.1177465558683506,1.1177465558683506,1.1177465558683506
2005-09-22,1.1389158,1.1415432360557902,1.12511462652827,1.116589759397956,1.1496904,1.1438911,1.1511429438293435,1.1301128020738112,1.1301128020738112,1.1301128020738112
2005-09-29,1.1067892,1.1003281262468803,1.0940821224070445,1.0840544788268616,1.1151402,1.1089741,1.1079652753827736,1.0974532486639987,1.0974532486639987,1.0974532486639987
2005-10-06,1.0903543,1.0796029303972512,1.079175720699957,1.0690387013538771,1.0995426,1.0948195,1.0885680124028145,1.0822862536827282,1.0822862536827282,1.0822862536827282
2005-10-13,1.0925825,1.0823609969859471,1.081238743837535,1.071143438881979,1.1017737,1.0970058,1.0913264841274342,1.0844175728993477,1.0844175728993477,1.0844175728993477
2005-10-20,1.096576,1.085927637651049,1.084470850803391,1.074001290688465,1.1054126,1.1004192,1.095785524506168,1.087644714931805,1.087644714931805,1.087644714931805
2005-10-27,1.1352947,1.1182985064752327,1.1186827505377417,1.10446008172089,1.1431892,1.1397398,1.1414210165213208,1.121654872304385,1.121654872304385,1.121654872304385
2005-11-03,1.1452292,1.1262688503696427,1.1276950336644782,1.1124232655921045,1.1566068,1.1526922,1.1563302313202664,1.131524793728236,1.131524793728236,1.131524793728236
2005-11-10,1.1573002,1.136517494735431,1.1388250296240245,1.123278502473431,1.1730036,1.1681947,1.174612240634483,1.1440779882326875,1.1440779882326875,1.1440779882326875
2005-11-17,1.18042,1.1573385762252648,1.1608077858036643,1.1456273769907093,1.2061304,1.1985762,1.2098106672107412,1.169402796222494,1.169402796222494,1.169402796222494
2005-11-25,1.1778203,1.153932749159831,1.1575774625755346,1.1428959261791116,1.2029421,1.1954958,1.2060730333721466,1.166396554575407,1.166396554575407,1.166396554575407
2005-12-02,1.1729921,1.146955581378002,1.1517667749565805,1.1378571414457501,1.1971716,1.1898289,1.1992001164246815,1.1608736358245975,1.1608736358245975,1.1608736358245975
2005-12-09,1.1794899,1.1564781891069587,1.1588812872818621,1.1452309129874283,1.2052548,1.1978686,1.2088280461934071,1.1683955108475852,1.1683955108475852,1.1683955108475852
2005-12-16,1.183224,1.1619700283849617,1.1632652387931268,1.1496715764077305,1.2094784,1.2019843,1.2138715079499127,1.1727567616733017,1.1727567616733017,1.1727567616733017
2005-12-23,1.182664,1.1611451559485535,1.1625148620117083,1.1489511878855105,1.2088614,1.2013938,1.2131328662173715,1.1720745428759378,1.1720745428759378,1.1720745428759378
2006-01-03,1.2031995,1.1870931955892827,1.1819187956283106,1.1688379017941952,1.2320782,1.2254103,1.2410904257943427,1.1928358637834537,1.1928358637834537,1.1928358637834537
2006-01-10,1.1931186,1.1738301376491698,1.1701261769384166,1.1582891463131517,1.2193055,1.2123829,1.2256993553339954,1.1811776310386017,1.1811776310386017,1.1811776310386017
2006-01-18,1.1822908,1.15943049761368,1.159266760323858,1.1459384631309575,1.205342,1.1982747,1.2090084814843227,1.168883177733547,1.168883177733547,1.168883177733547
2006-01-25,1.1984395,1.1770660889664515,1.1759587786408758,1.1621701655000511,1.2264929,1.2197963,1.23377882010156,1.1867724021664563,1.1867724021664563,1.1867724021664563
2006-02-01,1.1819177,1.1594594599653871,1.1568244622568087,1.1456424327204302,1.2049557,1.1984056,1.2082652541465992,1.1678371423089287,1.1678371423089287,1.1678371423089287
2006-02-08,1.1966654,1.1758976741544114,1.169437260552302,1.1595322325901725,1.2195365,1.2141683,1.2254285820540283,1.1814964892644755,1.1814964892644755,1.1814964892644755
2006-02-15,1.2048795,1.1846296517936705,1.1772600651708858,1.167681455604973,1.2299473,1.2242734,1.2375932420127669,1.190210790395168,1.190210790395168,1.190210790395168
2006-02-23,1.2074933,1.187829804569428,1.1798761309921297,1.1704326313247935,1.2334911,1.2278551,1.2416093622746465,1.1931516254469656,1.1931516254469656,1.1931516254469656
2006-03-02,1.1890116,1.165683286318869,1.1608220545264842,1.1509002217323132,1.2073869,1.2020774,1.2131034825024745,1.1718341973730408,1.1718341973730408,1.1718341973730408
2006-03-09,1.2230815,1.2113104402087616,1.1944219350785723,1.1887356432850231,1.2511703,1.2443097,1.263872244440188,1.2099938640794325,1.2099938640794325,1.2099938640794325
2006-03-16,1.2193239,1.2064075715480993,1.1899886692476793,1.1846948990846924,1.2463589,1.2395834,1.258253769070981,1.2055895409652593,1.2055895409652593,1.2055895409652593
2006-03-23,1.2164185,1.2022864748519677,1.186489062113335,1.1813875029521552,1.2426239,1.2358232,1.2539059286818264,1.2020830548902095,1.2020830548902095,1.2020830548902095
2006-03-30,1.2264457,1.2170403662773952,1.197246121780317,1.1932251180208129,1.255006,1.2484504,1.268298080516741,1.213719804982278,1.213719804982278,1.213719804982278
2006-04-06,1.2062036,1.1869077717677938,1.1744826797613745,1.1678622063350068,1.2297367,1.2228247,1.2388233204179486,1.1893073111054109,1.1893073111054109,1.1893073111054109
2006-04-13,1.2290702,1.2206589702182846,1.199463025295081,1.1948848355337922,1.2567179,1.2489216,1.2703084192056162,1.215594299128031,1.215594299128031,1.215594299128031
2006-04-21,1.2320691,1.2248958469197349,1.2025116715426158,1.1981617532491016,1.2604749,1.2525667,1.2747085496452295,1.218950907245208,1.218950907245208,1.218950907245208
2006-04-28,1.2419094,1.23917968866257,1.2127472919412992,1.2097717051887642,1.2727189,1.2638111,1.2890613200534908,1.2302742932131625,1.2302742932131625,1.2302742932131625
2006-05-05,1.2111703,1.1989616110430144,1.1803104566202638,1.17580611599994,1.2326872,1.2239337,1.242139155084822,1.194986335913137,1.194986335913137,1.194986335913137
2006-05-12,1.1911153,1.1750191877657972,1.159104286834379,1.1561788105399091,1.2096329,1.2003633,1.2152550656448617,1.1737553586442047,1.1737553586442047,1.1737553586442047
2006-05-19,1.2031109,1.1878804480484964,1.1696707987611874,1.1666856777729742,1.2213522,1.2118871,1.2287973215097394,1.1846635119012807,1.1846635119012807,1.1846635119012807
2006-05-26,1.1913033,1.1767782682926973,1.159735178399911,1.1565702960309698,1.2111992,1.2020048,1.217171900283059,1.174604482808124,1.174604482808124,1.174604482808124
2006-06-05,1.1619705,1.1536461738089583,1.1343237184278256,1.134715018626881,1.1813179,1.1697003,1.183578284412873,1.1491376182238795,1.1491376182238795,1.1491376182238795
2006-06-12,1.164094,1.1552827365848273,1.1358678617947693,1.1364208044409927,1.18317,1.171577,1.185618637398365,1.15084310508461,1.15084310508461,1.15084310508461
2006-06-19,1.1765193,1.1647483189150964,1.1451987961875378,1.1453804278801303,1.1955458,1.1845227,1.1991271328392323,1.160964915080547,1.160964915080547,1.160964915080547
2006-06-26,1.2029694,1.1855958146142884,1.1694771650797902,1.1668929189192985,1.225755,1.2144687,1.2318908361761045,1.1860279986770899,1.1860279986770899,1.1860279986770899
2006-07-03,1.199298,1.1825691439433592,1.165933318082104,1.164058133342779,1.2215483,1.2101185,1.2273565845791925,1.1825549810860316,1.1825549810860316,1.1825549810860316
2006-07-11,1.1669182,1.154529230451424,1.1355854829273098,1.1361839219773722,1.1782078,1.1676098,1.1808369617537031,1.1493659632074316,1.1493659632074316,1.1493659632074316
2006-07-18,1.1922388,1.1792119962496146,1.1583333534930895,1.157386758582077,1.2030637,1.1900882,1.207386800838901,1.1722457942074846,1.1722457942074846,1.1722457942074846
2006-07-25,1.1975095,1.1836415280770975,1.162943061847116,1.161370222338312,1.2085639,1.1956377,1.2132072513383954,1.1769096161432162,1.1769096161432162,1.1769096161432162
2006-08-01,1.1992979,1.1853469986828595,1.1646398282092383,1.1628541578091947,1.2106148,1.1976514,1.2153592611324944,1.1786373121952523,1.1786373121952523,1.1786373121952523
2006-08-08,1.2107825,1.1965960245317726,1.174598841365771,1.173626948916385,1.2236422,1.2104105,1.2288891402828241,1.189830400158806,1.189830400158806,1.189830400158806
2006-08-15,1.2248074,1.2118945878546636,1.1860425031697637,1.18718171875476,1.2405453,1.2276607,1.246450063648245,1.2036227917309261,1.2036227917309261,1.2036227917309261
2006-08-22,1.229137,1.217129809652822,1.1904027234017873,1.1916335644514735,1.2463304,1.2335331,1.252489133185405,1.2084439944487428,1.2084439944487428,1.2084439944487428
2006-08-29,1.2284781,1.2160851233892396,1.189705002019733,1.1908558148788364,1.2454598,1.2326618,1.251575078495895,1.2076707281400245,1.2076707281400245,1.2076707281400245
2006-09-06,1.2445745,1.2399862486269795,1.208213128604386,1.2093394114219407,1.2652963,1.2530596,1.2727081052592886,1.226602648990442,1.226602648990442,1.226602648990442
2006-09-13,1.2527895,1.2522632626297454,1.2176118519576606,1.2187260477742612,1.2759739,1.2640909,1.2841923039842156,1.2364026990365358,1.2364026990365358,1.2364026990365358
2006-09-20,1.2644181,1.2696989585660674,1.232136042450042,1.2329928943394501,1.2903967,1.2785327,1.2998611211942943,1.2508081917338867,1.2508081917338867,1.2508081917338867
2006-09-27,1.2755746,1.2865035413020636,1.245674302077577,1.2461824450300496,1.3040178,1.2921522,1.3147631981849155,1.264248591728672,1.264248591728672,1.264248591728672
2006-10-04,1.2773708,1.289160900901949,1.2477952428891874,1.248226502686385,1.306362,1.2945025,1.31734018184852,1.2664260438968877,1.2664260438968877,1.2664260438968877
2006-10-11,1.2913626,1.3103349585213144,1.2652788069778564,1.2659488135734627,1.3240057,1.312485,1.3368395673325306,1.2840411048734826,1.2840411048734826,1.2840411048734826
2006-10-18,1.3080031,1.3356622817210684,1.2848732084346381,1.2874092365876064,1.3446499,1.3322884,1.3598469442037147,1.3045842503289145,1.3045842503289145,1.3045842503289145
2006-10-25,1.2939157,1.3140843729067253,1.2646056535249302,1.2681917455560947,1.3246317,1.3124087,1.3378336812723202,1.284766083663041,1.2836419775301018,1.2850486276965625
2006-11-01,1.313297,1.3436094172657125,1.2884415598776593,1.293968164965798,1.3526276,1.3408016,1.367892328646035,1.3105708490615373,1.3122634356550495,1.3118844326026338
2006-11-08,1.3237913,1.359714022973013,1.2990135493426398,1.3071986635355621,1.3661823,1.3543415,1.3835267738364003,1.322940768100967,1.3259732664223183,1.324748847441022
2006-11-15,1.3323004,1.372824149200045,1.3089788465091234,1.3180267136349628,1.3778448,1.3658402,1.3968476987048812,1.3337296053715915,1.337905364506022,1.3359271482070996
2006-11-22,1.3286127,1.3671243470540377,1.304194481825315,1.3128757408352767,1.3731077,1.3609942,1.3913126230050523,1.3288624397613298,1.332962296543095,1.3313102794196472
2006-11-30,1.3345693,1.3756936506322723,1.310727028308646,1.3195399487142332,1.3815701,1.369419,1.400648702518626,1.3360525830935133,1.3414692043471867,1.3393443925741504
2006-12-07,1.3530998,1.4041564474758124,1.3326826222023165,1.341351956868933,1.4066013,1.3940952,1.4298168329776262,1.3589362908936777,1.3670865158109047,1.3634102299475095
2006-12-14,1.3463782,1.3940662255037286,1.3239996842757045,1.3331952384012564,1.3978207,1.385211,1.4195562645082485,1.350415161635382,1.357982214282311,1.3548656361843159
2006-12-21,1.3463782,1.3940508063293178,1.3239988888470837,1.3331672747627832,1.397812,1.3851777,1.419545937294624,1.350408884506307,1.3579787093840454,1.3548579667499316
2006-12-29,1.3411494,1.3859299022707547,1.31678909987824,1.3265089045993976,1.3906248,1.3779879,1.4112498001325142,1.3434073398252002,1.3504694990127735,1.3478480675032771
2007-01-09,1.3596877,1.4146657896715011,1.337569244114485,1.350271518120584,1.4137758,1.3992404,1.4385114982485592,1.3659237532245683,1.3743603043315702,1.3701573952744202
2007-01-17,1.3685292,1.4284643584259955,1.3492249746820923,1.3617841517927207,1.4255016,1.4107134,1.4524247406326973,1.3775467148390124,1.3866302658734815,1.381582414738467
2007-01-24,1.3666282,1.4254878404204925,1.3465809349162594,1.3593210415416612,1.4230609,1.4082856,1.4495114483960418,1.3750438821583526,1.3840574537747943,1.3791851836923057
2007-01-31,1.3805082,1.4472045626159054,1.362375109535361,1.3758722093005822,1.440963,1.4254687,1.4709575789861358,1.3917636919655454,1.4025117278964188,1.396411619018569
2007-02-07,1.3843108,1.4531841999696293,1.3677975041583832,1.3807587497695808,1.4458098,1.4300925,1.4767902922311276,1.3968073954165372,1.4076842153101041,1.4012026101911057
2007-02-14,1.3867825,1.457076227040237,1.3710287196832625,1.3837116101644444,1.4489459,1.4330554,1.480570328864101,1.3999101835738503,1.4109874534862399,1.4042702527520745
2007-02-22,1.335825,1.3767655417463844,1.3043490762102625,1.315643235201172,1.3822756,1.3695961,1.400127254031029,1.332819616099206,1.3407244529761164,1.3392667587676466
2007-03-01,1.3380123,1.3783479475654337,1.305753174964604,1.3169142290715992,1.384273,1.3714342,1.4024946727539347,1.3343517702832914,1.3425908516113436,1.3411430800534405
2007-03-08,1.325938,1.3695670781283835,1.296713053155782,1.308875887621731,1.3703053,1.357796,1.386252148731819,1.3243077714427267,1.3293466105503993,1.3281521252887054
2007-03-15,1.3666079,1.3971830416182445,1.3279131930249617,1.3372028129436475,1.4141209,1.3985265,1.4360428012697781,1.3581341534491276,1.3706960144835871,1.3693310286785554
2007-03-22,1.3550589,1.3898127880729385,1.3183976029912559,1.3289949892104571,1.3990813,1.3839221,1.4192741247395546,1.347590830436491,1.3563846559657198,1.3553783809321052
2007-03-29,1.3767256,1.4088857870395657,1.3359714435042025,1.346744906476614,1.4274042,1.411761,1.4504706849586964,1.3682539773939912,1.3833591233054034,1.3816014094962072
2007-04-05,1.3870335,1.4198474808715138,1.346101530961293,1.3560278219271453,1.440383,1.423989,1.4647793088882044,1.3789380562302447,1.3962099269631254,1.3939323674451694
2007-04-13,1.418531,1.4614000424602631,1.3800405285339663,1.387707260259958,1.4856663,1.4672446,1.5146207807913126,1.4154196960273795,1.4411353120174513,1.4367185776737472
2007-04-20,1.4272164,1.4733586102359897,1.3884982660181269,1.396591161676933,1.4974365,1.4787323,1.5277156753571393,1.4250114197811594,1.4528135756749874,1.4477884214363095
2007-04-27,1.4404836,1.4938549919858353,1.4030131537574662,1.411060168711669,1.5162507,1.4969169,1.5487287193459842,1.4408023048296756,1.4716831977026756,1.4656194345677416
2007-05-04,1.4399108,1.4929640062598777,1.4023266631063198,1.4104199044072792,1.5154194,1.4961311,1.547799142937483,1.4400881080702117,1.4708438325921207,1.4648256017385204
2007-05-11,1.4567105,1.5167465220350198,1.4210528777373137,1.4284565972800067,1.5371164,1.5172441,1.5720915698977767,1.4594889080139564,1.4929591712626304,1.4856404121354485
2007-05-18,1.447833,1.5040312533105507,1.411387741922576,1.4186825401347039,1.5245266,1.5050445,1.5579932735412845,1.4489127124521803,1.480321046405867,1.47371722148137
2007-05-25,1.4708359,1.5392066697305131,1.4371456960427231,1.4449340263646386,1.5543259,1.5336931,1.5913861530240916,1.4761081504819562,1.5107729814378164,1.5023122343507989
2007-06-04,1.4441111,1.497734837197285,1.40666806441546,1.4132305245351142,1.5178843,1.4990242,1.5504725838224778,1.4433702929494507,1.4736553129124583,1.4674714206543442
2007-06-11,1.4655762,1.5208455433771135,1.428002217616763,1.4323282549299363,1.5424592,1.5219294,1.5778738539752526,1.4648994778986189,1.4982145319926408,1.4910623965930008
2007-06-18,1.4362438,1.4912756323848628,1.3976600027312291,1.407006180143831,1.5058713,1.4864497,1.5374184783703442,1.4345362965034172,1.4615882123713617,1.456113439706333
2007-06-25,1.4550318,1.5085484173736015,1.4139039781834735,1.4231792585963499,1.5267097,1.5073335,1.5601557714447734,1.4521432604633955,1.4823775481888917,1.4758854681561524
2007-07-02,1.4466928,1.5013200313135486,1.4063243898641138,1.4161120227493191,1.5169072,1.4980431,1.5495998937752293,1.4440869976410136,1.472757886811406,1.4665929570807652
2007-07-10,1.483406,1.5354411749894892,1.4418103091085015,1.4479999155317904,1.5672932,1.5462303,1.6033547923115832,1.4825348155679263,1.5212665087717714,1.5138762115995943
2007-07-17,1.4503349,1.5019927074060404,1.4056081188385072,1.4188015122499593,1.5246435,1.5048124,1.558099853244735,1.447008400889779,1.4785736751487544,1.4730480829953307
2007-07-24,1.3968465,1.4510855048239872,1.3634135377327845,1.3746760732198924,1.4658611,1.4452194,1.4962201758676745,1.3992333064772675,1.4205248187503132,1.4177766224770978
2007-07-31,1.4164969,1.4657634234214683,1.3753531748567582,1.3871233701427774,1.4804711,1.4606903,1.511434508546147,1.41217035652886,1.4354002955035605,1.4317105738417601
2007-08-07,1.3708684,1.4372112422869012,1.3498391720307699,1.3608620623095358,1.4379826,1.4217489,1.4679890458399592,1.3816872929724586,1.3978588623892005,1.3925248413428113
2007-08-14,1.3892733,1.4476209275999672,1.3596170318590561,1.3708199947958875,1.4484216,1.4294864,1.4784036031432655,1.391740863018661,1.4060641969436818,1.4026334409622934
2007-08-21,1.377675,1.4414063483352448,1.3542396037618258,1.3640793026486986,1.4400173,1.4218462,1.4702216108756065,1.3850290462134802,1.3987014680214687,1.3948309745961607
2007-08-28,1.4166892,1.4633428562264077,1.3762889761359391,1.3864461447773626,1.4724832,1.4552715,1.501532629314411,1.4102244251352827,1.4298389486775236,1.4251869777515653
2007-09-05,1.4174563,1.4637849396987994,1.3767173386174574,1.386894125922138,1.4731425,1.4560074,1.5021639975259293,1.4107262078409197,1.430502905317504,1.4258003784228983
2007-09-12,1.470082,1.5007706435277457,1.4098339623867993,1.4212047830327577,1.5210235,1.509608,1.5479301466912159,1.4485945698811717,1.4798149956669195,1.470653677693433
2007-09-19,1.4657874,1.4978461626981165,1.406758542680417,1.4186324379361064,1.5173628,1.5053271,1.5444227749743387,1.4455445784472818,1.4759351148278894,1.467158646300244
2007-09-26,1.4811016,1.5086547868841003,1.4186213019347267,1.42924325785755,1.5330288,1.5224408,1.5593956870074746,1.458073935399405,1.491790269725137,1.4819770941249224
2007-10-03,1.5046016,1.5289135025317324,1.4391550268997382,1.4473620824322317,1.5579337,1.5500021,1.5832108683954313,1.4790582597041806,1.5177492501686207,1.5057528017169766
2007-10-10,1.4856282,1.5119540601432868,1.4209233559707604,1.431908613644261,1.5378643,1.5267038,1.563945990474508,1.4612606250765012,1.496308936145594,1.486392145938677
2007-10-17,1.4589493,1.4879270140954801,1.4009315480687043,1.4086889242160663,1.5126917,1.5005064,1.539628254686048,1.438602346437789,1.4705825943562436,1.4624585474913043
2007-10-24,1.4894807,1.5165525373858963,1.4196089396160152,1.4313133703765664,1.5333246,1.52363,1.5596322703079983,1.459166510548772,1.4928512237836633,1.4823570151797774
2007-10-31,1.4245659,1.457790300810033,1.3760660789871326,1.3812022957654635,1.4739294,1.465746,1.5022220069098613,1.4086068957048916,1.4399204153595633,1.4271110257488335
2007-11-07,1.4222541,1.4561846571807509,1.3747208134303668,1.3797784790530805,1.472875,1.4646777,1.5012069350325121,1.407352412205797,1.4388408904370358,1.4260412347428284
2007-11-14,1.3645625,1.4230146087596143,1.3430170260176053,1.347953617420206,1.4406223,1.4342782,1.4706154768063844,1.375459223703358,1.408104010176958,1.3945451483014166
2007-11-21,1.4175351,1.4538059649960624,1.3733592684351412,1.377955869484642,1.4650316,1.4585468,1.4936890294354754,1.403556194231887,1.4328250594168186,1.4193300397114297
2007-11-29,1.4537492,1.4711635217370884,1.3949125298542535,1.3957215749538412,1.490287,1.4836371,1.5172567139982676,1.4248530519481832,1.4546229256575638,1.443414535432095
2007-12-06,1.4356418,1.4625303234292095,1.383862316366049,1.3863141678881865,1.4744992,1.4681963,1.5026422862663928,1.4130686757466098,1.4414528248087362,1.4288442580987573
2007-12-13,1.4138752,1.4517609782870928,1.372134651674332,1.3746915513265403,1.4606565,1.4550216,1.4897901708519918,1.400726418910231,1.4288228021628837,1.4156566161003232
2007-12-20,1.4262199,1.4584819024738216,1.3795489092937279,1.3820019209663843,1.4713693,1.465341,1.4997581058044327,1.409061278181079,1.4379797703246824,1.4255256271757955
2007-12-28,1.3670605,1.4221906009901062,1.3388746751753968,1.3441704864563297,1.420843,1.412258,1.4525722980029427,1.3664218148668144,1.394717977327572,1.3778063827659144
2008-01-07,1.3679317,1.422761688437921,1.339421433656801,1.344721347053795,1.4213899,1.4128011,1.4530853481067192,1.3669706654543055,1.3952238621449415,1.3783424034120986
2008-01-14,1.2656854,1.3435489006947434,1.280390906422739,1.2769319900687435,1.3585638,1.3498861,1.394109806326833,1.3039092981647347,1.3361933280358982,1.3174425268919414
2008-01-22,1.3159372,1.3767613132086576,1.3005264799641345,1.3066714245396531,1.3782779,1.3714492,1.4127057212217067,1.3266658487709129,1.3554728310274182,1.3368222308603788
2008-01-29,1.2987025,1.3667241238910994,1.2927378589056169,1.296875013156349,1.3698218,1.3619661,1.4048131721515535,1.3180352218222526,1.3478654993569619,1.3286518496887676
2008-02-05,1.3070294,1.3709705515148614,1.2963733104864976,1.301197565262079,1.3733339,1.3652496,1.4080728152435196,1.3218389568695508,1.3514763483185797,1.3321116220088323
2008-02-12,1.3160338,1.375932744386701,1.300526929557876,1.3065127777817218,1.378488,1.3702736,1.4128769736479292,1.3266792377577872,1.3562116278001088,1.336981945281352
2008-02-20,1.3383034,1.390187451542752,1.311005420921678,1.3214726573732642,1.394733,1.3865076,1.428167331073772,1.340320421216546,1.3700895402060693,1.3517780924654659
2008-02-27,1.2957976,1.3595071867380917,1.2866223308122244,1.2907875984440422,1.359338,1.3517959,1.3943923828659424,1.3105480776529272,1.3395812149922057,1.3191914436643963
2008-03-05,1.2718825,1.3411163775333876,1.2726899051199507,1.273727867895242,1.3440257,1.3382146,1.379573802455118,1.2951828820124551,1.3245629859185593,1.3044272882843346
2008-03-12,1.2618127,1.3345800568701287,1.2672934402921447,1.268189558496581,1.3379096,1.3326758,1.3735950897263223,1.2895135817972045,1.3188112934039482,1.2985603725203807
2008-03-19,1.2919962,1.3495404704381082,1.2806481702544776,1.2817112167727962,1.3518666,1.3453285,1.3871731901682447,1.3031098493992157,1.3326012589070357,1.312129893052192
2008-03-27,1.3334472,1.3688668934455348,1.3021554566386868,1.3017102777540603,1.3818774,1.3742734,1.416081124510871,1.3265445953953312,1.3577194377271198,1.3399387809896535
2008-04-03,1.3235222,1.3645259747818785,1.296774333392398,1.296940456247312,1.3735651,1.3663992,1.408189921944011,1.3205757412914296,1.3509055652358608,1.332365850889426
2008-04-10,1.3335447,1.3691626288362344,1.3025483952314068,1.3026490948715805,1.3822161,1.3743899,1.4163918445007764,1.327150695559121,1.358278597296367,1.3402881708026795
2008-04-17,1.3459023,1.3751376406687286,1.3105296404289684,1.3094816109098069,1.391489,1.383755,1.4251998071159337,1.3351225552185582,1.3665371377243745,1.349152561616203
2008-04-24,1.3731475,1.3937664014527351,1.32859281986945,1.3268123941959074,1.410729,1.401997,1.4435239146810217,1.3533035231539328,1.384716781228185,1.3677986717531156
2008-05-01,1.3540757,1.377917387657814,1.3142925896996023,1.3145455724665924,1.3962879,1.3877578,1.4297538439922863,1.3396866048037541,1.3711677190569889,1.3536814622040076
2008-05-08,1.3868672,1.402507689893426,1.3390207403146244,1.3367073488845895,1.4224473,1.412893,1.4547095923287061,1.3639524855694383,1.3955437423905488,1.379058438882441
2008-05-15,1.3574808,1.3797334607206662,1.3151398377153183,1.3155131660996013,1.3986802,1.3887937,1.4319429303083793,1.341065133875275,1.372710411698543,1.3557675979207475
2008-05-22,1.3656543,1.3869270659935955,1.321752096404355,1.321608742021893,1.4049647,1.3946599,1.4380139490820256,1.3473895824178226,1.3788494645714062,1.3619736188839566
2008-05-30,1.3261495,1.3536692138607875,1.2883865381794928,1.2903623476933297,1.3729357,1.3641492,1.4069473692623296,1.3152232774325137,1.347768516987408,1.3303967220636446
2008-06-06,1.3247868,1.3527017036589932,1.287373993587054,1.2895108084144236,1.3720655,1.3633031,1.4061001538521882,1.3143160251206902,1.346924359858253,1.3295233662916006
2008-06-13,1.286723,1.326756087444821,1.2608942617101158,1.265563033048947,1.3440773,1.3356757,1.3788951611072364,1.2882625910692154,1.3212535883979455,1.3023688590624987
2008-06-20,1.2471186,1.3002145306470692,1.232458242630219,1.2388621610152868,1.3155947,1.3088284,1.35125921298236,1.2604347877399231,1.294399568717027,1.274486428788354
2008-06-27,1.222573,1.2842757343867475,1.2157656780171346,1.2230055567854055,1.2981311,1.2925459,1.3343444893384977,1.2437941744680645,1.2780200790829597,1.257512692357311
2008-07-07,1.2000809,1.270103940456788,1.2024996187030235,1.2075382433742639,1.2874993,1.2824355,1.3240549514438102,1.2308464558162766,1.266705764998764,1.2467112957284572
2008-07-14,1.2326456,1.293478075026932,1.2204414330526012,1.2289071174503488,1.30381,1.2981559,1.3398732293252513,1.2492590668664603,1.2832663571258212,1.262944589839865
2008-07-21,1.2090784,1.2783429545520186,1.2071847390451476,1.21399528498014,1.2902898,1.2836463,1.3267997385602284,1.2353974876800868,1.2706468754926925,1.2497457097558815
2008-07-28,1.2222798,1.2862749243411258,1.214959086666382,1.222288896393415,1.2990141,1.2923828,1.335235009686214,1.2436455565172266,1.278600501569281,1.258128150249572
2008-08-04,1.2782152,1.320027424387666,1.2509279626987517,1.2561300778299354,1.3363853,1.3291812,1.371497339297324,1.279311835882369,1.3131541446700337,1.2944937284017184
2008-08-11,1.2555287,1.3075082702529934,1.237894910124304,1.2436188436139304,1.3204128,1.3122824,1.3559543037164834,1.2655739000254127,1.299028043164623,1.279376359462078
2008-08-18,1.2421312,1.2993818816357,1.229200225602786,1.2354496641211792,1.3104515,1.3028271,1.3461853034532607,1.2566713972357806,1.2898706845264643,1.2698388280606077
2008-08-25,1.2516168,1.3050469902401753,1.2351558883780622,1.2412200830507014,1.3173115,1.3096061,1.3528980374780826,1.2628433325860224,1.296120297274789,1.2764013417237823
2008-09-02,1.2049711,1.2740709412470275,1.205267371884188,1.2106502293682364,1.2853342,1.2773054,1.3216633096344952,1.2320778949496838,1.2665989114943188,1.2454342022322347
2008-09-09,1.1940185,1.2677894654075297,1.1996557266607186,1.2050144636889468,1.2807164,1.2727982,1.31716095389697,1.2268178069596951,1.2618087434312322,1.2407638251089208
2008-09-16,1.1660132,1.2547418390402882,1.188769837588624,1.1930292991349358,1.2668751,1.2601577,1.3037938818014458,1.214663679981102,1.2489026103475849,1.2277468730047767
2008-09-23,1.140834,1.2458475132960993,1.1807209205181282,1.1842783087865894,1.2549533,1.2486652,1.2924919495431397,1.2052376388221924,1.2387195816304222,1.216806663910715
2008-09-30,0.98385745,1.2022142557752673,1.132292678871146,1.1415456725399766,1.1819174,1.177618,1.2248048492514276,1.1520115847867682,1.179726108879475,1.1499900157884453
2008-10-07,0.98208696,1.201719276505801,1.1317401931972138,1.1410310285936693,1.1812025,1.1769507,1.2241483109595082,1.151423713064022,1.1790738586555334,1.1493189155865653
2008-10-14,0.94284326,1.1939512031176285,1.123248514973215,1.1332963235297684,1.1681309,1.1642058,1.2123950981334826,1.1419171928502165,1.1680376930943015,1.137395043369325
2008-10-21,0.92218804,1.1900922108784378,1.1178756369246239,1.1292407204507515,1.1611631,1.157567,1.2062810179425212,1.136581503194879,1.1618338273807525,1.1308574338136794
2008-10-28,0.98759544,1.200940421994409,1.1301884935610225,1.1408859596304934,1.1760564,1.1734617,1.2189975781832847,1.1494666103414315,1.1706031444204323,1.1449980004705624
2008-11-04,0.88294417,1.1837062476832887,1.1060805630515198,1.1201710982542703,1.1417258,1.1394851,1.190402919205365,1.1236677655661798,1.1508947639099443,1.113962085930418
2008-11-11,0.85648644,1.1787547337745725,1.0991151472037302,1.1140022658019628,1.1345665,1.1321927,1.1844741100035545,1.1169144948311367,1.1461642375893288,1.1070067252727742
2008-11-18,0.84251946,1.1754340058562665,1.0953610622090484,1.1105665650644732,1.1314316,1.1291434,1.1818905259267722,1.1134798251702027,1.143880890578577,1.1038437313718705
2008-11-25,0.85884696,1.1790552241203114,1.0996739649875802,1.1141900796152613,1.1354698,1.133367,1.1852234134428004,1.1174676430087997,1.1466559796997393,1.1078461041196437
2008-12-03,0.8862882,1.1852097772584609,1.1082471812682635,1.1201713034930079,1.1445733,1.1420501,1.1927375010701609,1.1252325546912767,1.1517908295409631,1.1164350767455031
2008-12-10,0.8949435,1.187191952430589,1.1109244111468073,1.1222887570882951,1.146503,1.1441174,1.1943204475038025,1.127460080024013,1.1533771077455053,1.1184525264635288
2008-12-17,0.85927427,1.178402839557457,1.0995788648306604,1.1125204026322817,1.1377711,1.1344876,1.1871192818474103,1.1175601627864944,1.1458998209152318,1.1093701815658539
2008-12-24,0.92174166,1.1981961843463522,1.128131325079308,1.1335539641382677,1.1628476,1.1580734,1.2081167551072323,1.1422779517103083,1.1646040632756953,1.1339888794012802
2009-01-02,0.8833689,1.1808734927569353,1.111436554117242,1.119796959294977,1.1477773,1.1419846,1.1953277938553686,1.1271399959333692,1.1520921996748787,1.1189195138496468
2009-01-09,0.8434097,1.1586527456853812,1.0955028542246157,1.1033443402129142,1.1329744,1.1285716,1.1824162670082172,1.111417943808308,1.1398791945250013,1.104345201003486
2009-01-16,0.8297261,1.1510533971966719,1.08947766900769,1.097016451489389,1.1274507,1.1235017,1.177478191852458,1.1054633756983399,1.1352372195798661,1.0988765009848687
2009-01-26,0.81881917,1.1456731642669935,1.0847118351477303,1.0924067463861422,1.1234262,1.1197287,1.1738353858339776,1.101004726406725,1.1318145535155906,1.094832493111901
2009-02-02,0.8636372,1.165974925923313,1.105344424498383,1.1120381434803819,1.1392121,1.135526,1.1881971075669688,1.1195837719447383,1.1463066767002146,1.1111485179034086
2009-02-09,0.78550345,1.130568701152709,1.0728349026947572,1.0754213669791584,1.1147102,1.1095134,1.1658477187607947,1.088784032855685,1.1214245171552144,1.0852920132275754
2009-02-17,0.7682503,1.1229338025841893,1.0662280490007299,1.0676760122811082,1.1083792,1.1033483,1.1600182127614747,1.0819114496020283,1.1159631182355514,1.078991307493845
2009-02-24,0.6947768,1.086976878878941,1.0326851120751466,1.0345974221464873,1.078359,1.0748066,1.1320294167295144,1.049697181874129,1.0906881176137007,1.0490823895537507
2009-03-03,0.715599,1.0975741077895493,1.0422776468238504,1.0446154480934604,1.0870911,1.0828336,1.140271578589877,1.05914157786111,1.0979170087969568,1.057741088534532
2009-03-10,0.7751909,1.1225734540514927,1.0678879417597815,1.069209333965274,1.1058712,1.1041236,1.1581833363865135,1.0819556825488401,1.1163323308971078,1.0776738512328659
2009-03-17,0.8049061,1.134532190160596,1.0814178372306364,1.081590484128975,1.1183916,1.1163759,1.1701982402587592,1.0947688285178885,1.1266759107242554,1.0900574428127465
2009-03-24,0.7941215,1.1307468733904789,1.076637434825451,1.0777018309453403,1.1136457,1.1117101,1.1656361654352867,1.0903156723752425,1.1231241632628648,1.0854592618153946
2009-03-31,0.81539226,1.1385434803140593,1.086314696353476,1.0861666291830887,1.1225493,1.1204171,1.1742053527213507,1.0993289236885364,1.1302465380062274,1.0942532668984213
2009-04-07,0.8513435,1.1524353778452525,1.1033616843861513,1.1015145257956136,1.1383804,1.1359642,1.189541347383994,1.1154048890958224,1.1433341021378294,1.1098931225622484
2009-04-15,0.8442534,1.1494852902507868,1.099586024254835,1.0983684714727868,1.1349988,1.1325521,1.1862561928612232,1.1119766945735816,1.1404545305771405,1.1065302216989816
2009-04-22,0.8727144,1.1611610175061762,1.1134367577144264,1.1112540986974673,1.1471522,1.1443124,1.1980835357262565,1.124935424938373,1.1510070577465883,1.1186742475134195
2009-04-29,0.9201501,1.1852008140450228,1.138710933586542,1.1348824211830966,1.16974,1.1665677,1.2201934380990194,1.148763456718528,1.1709997263605971,1.1412222961701746
2009-05-06,0.885597,1.1669588205585928,1.118879874756785,1.117411836581312,1.1521325,1.1489304,1.202838109685698,1.1304741604075466,1.1552588211780517,1.1236430922370502
2009-05-13,0.9038724,1.1771759796067431,1.1295237956221607,1.126951485729677,1.1605564,1.1575369,1.211205245688803,1.139976776390836,1.1632297686465727,1.132284572619546
2009-05-20,0.90796643,1.1797247597055873,1.1319915290646068,1.1292335767399806,1.1626298,1.1595757,1.213282030579067,1.1422475344453173,1.165183346931958,1.1343783998642243
2009-05-28,0.94401795,1.2011748540166727,1.153547340402491,1.1496796957883226,1.1801952,1.1767154,1.2310441913015528,1.162049402527364,1.1818690870432467,1.1522350798689782
2009-06-04,0.9469137,1.202928352121893,1.1554002122322506,1.1513595085354835,1.1817365,1.178372,1.2326100528855917,1.163737332365963,1.1833544044029107,1.1538120665181688
2009-06-11,0.92094845,1.1848637871453198,1.1387275519755324,1.1334963336757482,1.1686449,1.1642636,1.2191929701182351,1.1479890372885015,1.1696783793473138,1.1401243315892253
2009-06-18,0.924745,1.18781866972789,1.1414681772709778,1.136210865345375,1.1710246,1.1666778,1.2216603852179035,1.1505976005350387,1.1719923847511755,1.1425312740691773
2009-06-25,0.9019479,1.1713498609932593,1.125420649600094,1.1213392084805456,1.156583,1.1529127,1.2065128602220907,1.1354778838700659,1.1584713027624303,1.12820947244279
2009-07-02,0.88336897,1.1569323833306713,1.1128365591647902,1.1090708685668456,1.1441004,1.141573,1.1932570523022492,1.1230248983059816,1.1472823319321896,1.1161186123285383
2009-07-10,0.9453332,1.2047204673924374,1.1614627186747197,1.1550957256289778,1.1863134,1.1823581,1.2384123788032657,1.16861513439895,1.187640093101033,1.1584219031264005
2009-07-17,0.98480105,1.2315039904525722,1.1887336763289837,1.180898791590041,1.213944,1.2100614,1.2680476846014368,1.1955348254371243,1.213134370551897,1.185396842795699
2009-07-24,0.9923339,1.2367395435020756,1.194276413634732,1.1860239390238563,1.2197897,1.2158737,1.2743364650589513,1.2010364041883288,1.2184793843295303,1.1910424945315812
2009-07-31,1.0163363,1.2546290649920806,1.2130083491971935,1.204710233451198,1.2371267,1.2329046,1.2930209434959985,1.2192999667582585,1.235167693732978,1.208287372006456
2009-08-07,1.012218,1.2512199848011072,1.2100327607318822,1.201383788640525,1.2341723,1.2300113,1.2898096208448433,1.2162209050243722,1.232314391480665,1.2053744235901052
2009-08-14,1.0341121,1.2740007454426232,1.2273426548794102,1.2199236079334221,1.2495273,1.2453029,1.3066689769072575,1.2332557388863121,1.247728409633679,1.2208729595977261
2009-08-21,1.0382292,1.27738449257935,1.2304284577110929,1.2228965265940612,1.2526888,1.2482017,1.3101585625331702,1.2363418781074835,1.250609960807783,1.2239215285454246
2009-08-28,1.0249729,1.265127680947267,1.2202898308826606,1.2115381671763106,1.2437013,1.2390565,1.3001912158714368,1.2262314041033755,1.241486135443016,1.2148047000992925
2009-09-04,1.0573107,1.2923759328960738,1.2454066438594524,1.2371783935671379,1.2683973,1.2618114,1.3276040600074073,1.2514107943582655,1.2646305210943658,1.2388822840718363
2009-09-14,1.074153,1.3070234395394924,1.2578277752502534,1.2516201571502563,1.2801147,1.2733142,1.3406383888485953,1.2642417762424198,1.276323501612975,1.250592685713868
2009-09-21,1.0728412,1.3056807157440717,1.2567346674234565,1.2503985491550336,1.2791214,1.2722185,1.3395206490910605,1.2631420568040626,1.2752999594784868,1.2495785220699103
2009-09-28,1.0496324,1.2829371949213062,1.2373496115696188,1.2302439324880126,1.2607651,1.2535847,1.3187275938953282,1.2438474936294162,1.2573284592256098,1.2312852995793109
2009-10-05,1.086564,1.3167416369655862,1.2630355276939365,1.2591137973166107,1.2835859,1.2772303,1.344771338762409,1.2695449114262773,1.2803892964189714,1.2544961169065094
2009-10-12,1.1078559,1.3368786370389598,1.2810053210061478,1.2769025468284816,1.3001428,1.2941351,1.3637348278542554,1.2869853878447066,1.2966645340121268,1.2710550241548404
2009-10-19,1.0787945,1.310518557746988,1.2582348043986065,1.252146275170477,1.2773039,1.2721207,1.3375480126109422,1.263534284376678,1.274509280986453,1.2486643437739162
2009-10-26,1.0526599,1.2877933765037806,1.2400348319133125,1.2298536789587915,1.2578526,1.2532048,1.3152627007717879,1.243608950889657,1.2553058673296276,1.229919295514708
2009-11-02,1.1056356,1.3283283732534896,1.2787664077172551,1.264288727680337,1.2973604,1.2914853,1.3606243162483422,1.2811372431163108,1.293864346873897,1.2681286802150142
2009-11-09,1.1221846,1.3401290701947401,1.2918669712368573,1.2748191100847128,1.3121686,1.3051072,1.3776522156620412,1.2938359937706179,1.3074763613928304,1.2817553537204331
2009-11-16,1.1182495,1.3373399905087628,1.2886736901246136,1.2720653655495986,1.3087432,1.3017567,1.3737299318902392,1.2907253920350832,1.3041708242130823,1.2785056631937926
2009-11-23,1.1230927,1.3407722717544968,1.2923848674534095,1.2757127874588035,1.3127389,1.3054028,1.378281009094642,1.2945195000947656,1.3080263543596462,1.282272881098765
2009-12-01,1.1060399,1.327441505412214,1.2806695352021253,1.262364779225161,1.3003751,1.2937896,1.3641713767338244,1.2820564626046154,1.295869785011098,1.2704095104760784
2009-12-08,1.1235973,1.3445687913804698,1.2934923165996337,1.2774393713004468,1.3138293,1.3068663,1.3795213557037538,1.2958191898999938,1.3092781437830916,1.2834385220296527
2009-12-15,1.1335019,1.355841165062641,1.3021321188335377,1.2868296050325823,1.3230264,1.3157963,1.390057032546984,1.304895997193465,1.3184226982285971,1.2922700998237642
2009-12-22,1.1415162,1.3653834339903694,1.3097852135342998,1.2945656679367485,1.3309317,1.324093,1.3991545507163723,1.3126658474217567,1.3264672598105691,1.3000238726914455
2009-12-30,1.1584585,1.3900614806208669,1.3305807793842914,1.3130584354201593,1.3478587,1.340825,1.4188855460612286,1.3313506251476694,1.3453155198326536,1.3178327327396755
2010-01-07,1.1659658,1.4001978104754285,1.3391061008129443,1.3207286258216142,1.35639,1.3494692,1.4289507000517456,1.3396110708060158,1.3540722322911822,1.3262199531649133
2010-01-14,1.107936,1.321118684237179,1.2670406017768845,1.2590065622102593,1.2951465,1.2892892,1.356079556999942,1.2747536023609802,1.2880890505875071,1.262958800395655
2010-01-22,1.0894722,1.3035695078558263,1.2497737983021069,1.2451083190193348,1.2822003,1.2762572,1.340740781725304,1.2601495525677815,1.2726170803060306,1.2489437676251702
2010-01-29,1.0820664,1.2968200770479832,1.2437098031233105,1.2391138065377771,1.2768085,1.2708015,1.3344047831785748,1.2543475460472588,1.2667571333510637,1.2434110313354145
2010-02-05,1.0960662,1.3073313720197102,1.2545883410917094,1.2484446816114314,1.2890319,1.2821299,1.348610416841537,1.2651243196473583,1.277971987753256,1.2547368582994674
2010-02-12,1.1277189,1.3303356674753284,1.2775190431570669,1.2718444054657827,1.3119404,1.303484,1.3748466416698355,1.2882373053939178,1.3008479586754327,1.2770361112503443
2010-02-22,1.1351248,1.3357859909898995,1.283862734006087,1.277794777017057,1.3186822,1.3099825,1.382511179384511,1.2945802499515524,1.307475737600819,1.2834697982931154
2010-03-01,1.1592698,1.3554645407149868,1.304369734623468,1.2982590791136996,1.3457005,1.3351214,1.4132236150609028,1.317068653232035,1.3319909916698742,1.3072599474973137
2010-03-08,1.1716467,1.366449637580183,1.3175211215089913,1.3094310935687192,1.3582927,1.3468084,1.427590912317655,1.3293687763709099,1.3448965310343062,1.319630849834827
2010-03-15,1.187677,1.3871582371635596,1.334760263077931,1.3258721094034778,1.3765842,1.3632646,1.448709879037589,1.3466904191716726,1.3630895818214142,1.336901071145309
2010-03-22,1.1951135,1.398296969554164,1.3423268345069483,1.3338921688931709,1.3853407,1.3709675,1.4589752104635163,1.3548060958430503,1.3716605331524485,1.344927142744053
2010-03-29,1.2126349,1.4271236841846175,1.360453098375217,1.3538492827091961,1.4050846,1.3887419,1.4823843445588987,1.3740881625421932,1.3913511533322536,1.3635052296010033
2010-04-06,1.2206826,1.440400695475566,1.3694101009841808,1.3632551051838244,1.4147305,1.3974797,1.4939662255296633,1.3834277388762566,1.4010606246451947,1.3726094241551263
2010-04-13,1.2313784,1.4593039170029591,1.3813104753819363,1.3763745295867382,1.4277678,1.4095277,1.5097787026693537,1.3961119131078024,1.4141698589295306,1.3849049627967274
2010-04-20,1.2069304,1.4243739136384652,1.357690449841617,1.351132383811969,1.4009391,1.3835167,1.477087826793279,1.3708950277701428,1.3876295859134595,1.359753949778439
2010-04-27,1.1971513,1.4132931049766948,1.3490743758508734,1.3426670009901238,1.3935003,1.375483,1.468040956156286,1.362733722131007,1.3792974707647976,1.3519452809852208
2010-05-04,1.1799358,1.398857721160473,1.334432634123984,1.3307111722509002,1.3786385,1.3616654,1.450166444301087,1.348986326034264,1.3647544466287158,1.3377041768446696
2010-05-11,1.144995,1.3792075299608895,1.3210301632913242,1.3135581046592022,1.36343,1.3507892,1.43227806370407,1.3337982119787763,1.3522115904980705,1.3240693711654652
2010-05-18,1.0983396,1.3537035232771368,1.2982414556557804,1.288267774307864,1.3366854,1.3268456,1.4016132053380304,1.3088866459226356,1.3293198985309829,1.2995840277348225
2010-05-25,1.1239085,1.366299440814418,1.3084661795062413,1.301814479413004,1.3479972,1.3372031,1.414243468638211,1.3205135936617236,1.339578197873866,1.3102768154859736
2010-06-02,1.080309,1.346474775382343,1.2887232725729623,1.280636742634895,1.3202521,1.3099334,1.3839128661579905,1.2978592474856316,1.3174268248244636,1.2861109012056626
2010-06-09,1.140513,1.3754148845189968,1.320048397770379,1.3113764042170621,1.3519503,1.3424063,1.418418956619778,1.329156918143056,1.3492599215511158,1.3172899918028906
2010-06-16,1.1179965,1.3641089752152968,1.3069786167976885,1.2997475903471387,1.3360556,1.3265407,1.4012310933972953,1.3157232928221017,1.3350762644279726,1.3027759880973326
2010-06-23,1.0564827,1.3286878923554037,1.26658155667976,1.262555177746043,1.287087,1.281278,1.3481787968979089,1.2737710776297693,1.2921986089175392,1.2585333146393067
2010-06-30,1.0968091,1.3527576441864224,1.2916467577917727,1.2865226289070015,1.3026088,1.2954568,1.3649891190516146,1.2948562320059873,1.3133102487065889,1.2763682841698056
2010-07-08,1.1226027,1.369871566053569,1.3078020796455825,1.3015302179328165,1.3178898,1.3115224,1.3815828330696298,1.3103430826445153,1.3293879589038622,1.2917901283901072
2010-07-15,1.120351,1.3682376898897228,1.3061220256616233,1.3000191082955186,1.3162167,1.3100551,1.379763271435151,1.3087219318820027,1.3277579663918746,1.290184600297084
2010-07-22,1.1288463,1.373587243653449,1.3116646919413462,1.3050838765444654,1.3213631,1.3150868,1.3853274737279393,1.3139743559047834,1.3331038016066836,1.2953460556820935
2010-07-29,1.1550484,1.3907251804437202,1.3299274692692722,1.3230589875187682,1.3391739,1.3311836,1.40462899463006,1.3320072347601537,1.3509433180208383,1.3127135965987657
2010-08-05,1.1118554,1.3605948506855388,1.295532493757695,1.2919716421024126,1.3065315,1.3002584,1.3690063967204846,1.2992947706737334,1.3173745219589463,1.2804204538808357
2010-08-12,1.1041789,1.3547810387265524,1.290337863832378,1.286616701800158,1.3018659,1.2960066,1.363919908640243,1.2942272459292947,1.3124732834388806,1.2757197799976072
2010-08-19,1.0770555,1.3325764322937952,1.2696905507758642,1.266610153865534,1.2804425,1.2766713,1.3404570663054383,1.273521469924279,1.2918040033111475,1.2553042134017356
2010-08-26,1.120453,1.3722896228926695,1.3028447968301053,1.301854836235946,1.3147897,1.3096666,1.3781597918056057,1.3077949250032999,1.32593657972377,1.2885268992434504
2010-09-02,1.1410258,1.3882738886385044,1.3192489713106226,1.315619382397838,1.3302286,1.3247045,1.3951626506315151,1.322979860464035,1.3418745880508007,1.3038808557374206
2010-09-10,1.1575273,1.4005055950735783,1.3337807482428221,1.3277156696905037,1.3437338,1.3378292,1.4100543818776528,1.3363330010492687,1.3559361941449684,1.3173575639633224
2010-09-17,1.1815033,1.4208380748703324,1.3553769702166556,1.3477996650697672,1.363872,1.3582352,1.4322699903678433,1.3569467825422687,1.377296136703923,1.3376612129119896
2010-09-24,1.1793427,1.4190694526753316,1.3536175639863555,1.3461155053632636,1.3621342,1.3565314,1.4303493541909469,1.355218388517505,1.3755168504572726,1.3359526397631725
2010-10-01,1.1992022,1.4367620953946243,1.3707718424432256,1.3638550127483797,1.3811016,1.3750567,1.4514254005675762,1.3731730933777981,1.394093071450255,1.353906308148473
2010-10-08,1.2111382,1.4499024901176965,1.3818483391981045,1.3743547371600369,1.3930061,1.3869781,1.464763042826562,1.384330759949063,1.4059594085066083,1.3652995044441723
2010-10-15,1.2178274,1.457527947141258,1.3877436908869987,1.3809207431236363,1.3995029,1.3936379,1.4720629552499784,1.3906597072360218,1.4124819704035199,1.3715277676856887
2010-10-22,1.2192678,1.459142878777812,1.3891128424988253,1.3823499234482794,1.4009696,1.395072,1.4737179309223927,1.3920820734962371,1.413959851869914,1.3729326491278513
2010-10-29,1.2627945,1.5199143323910538,1.4333894554679596,1.4315070791099742,1.4499292,1.4403579,1.5294835448305328,1.43953562132538,1.4643321721775397,1.4196021142033473
2010-11-05,1.2368636,1.482973905446517,1.4090182707087764,1.4059069188400768,1.4249417,1.4146838,1.500631982866334,1.4145321976538374,1.4382754648307077,1.395167912705433
2010-11-12,1.2377901,1.4841837728596285,1.4097830439392653,1.4068361587231946,1.4258682,1.415552,1.5017039855235026,1.4154139299544553,1.4392126775378982,1.3960429946944917
2010-11-19,1.2261621,1.4697697526001083,1.3986481030273865,1.395918729990009,1.4126439,1.4034681,1.4863235808309734,1.4037003623478486,1.426034852720922,1.3838190698834476
2010-11-29,1.263206,1.5075736739187455,1.429934907037316,1.4282110191138142,1.4470361,1.4365565,1.5260472139269483,1.4363630210363787,1.4610388753028658,1.4165843282866004
2010-12-06,1.281728,1.5238988268856404,1.4475974258276134,1.4434542109728719,1.4653096,1.4538339,1.5470569066828128,1.45339400735773,1.4797749226242138,1.4341921171871408
2010-12-13,1.2888823,1.5307803340639272,1.4547401355152974,1.4501640754479663,1.4734323,1.4614723,1.556345009561444,1.460702070030384,1.487962203935743,1.4418019640587536
2010-12-20,1.301606,1.5442944798005191,1.4687655905091135,1.4635680458943052,1.4869677,1.4736742,1.5717671387129122,1.474378670053559,1.5022921125822262,1.455224305014066
2010-12-28,1.3135015,1.5602840032103436,1.4855037937857272,1.4773766134051993,1.4998703,1.4858501,1.5865255300066163,1.4887841449831984,1.5167748635895073,1.4689273124193334
2011-01-04,1.3181565,1.5684655179411588,1.4912359047780923,1.4829375228986261,1.505456,1.491366,1.5930408323845384,1.4944430775704343,1.5227118633811696,1.474480690298113
2011-01-11,1.3266383,1.5836043762107481,1.502260508993405,1.4937587634646594,1.5156726,1.5012838,1.605166266870955,1.505134291421995,1.5336805186942608,1.4847707886932762
2011-01-19,1.3413272,1.6099055381079599,1.5212498141372204,1.5110459335855364,1.5344183,1.519496,1.6277442292458482,1.523487858805315,1.553428083735264,1.503185578246614
2011-01-26,1.34981,1.6251775174462777,1.5320532792749757,1.5216866785821108,1.544483,1.5288758,1.6400508418817288,1.5340090454090571,1.5642371406646776,1.5132971184424602
2011-02-02,1.3682221,1.649038065161196,1.5546584622959738,1.539550073872289,1.564557,1.5486257,1.6646306551886434,1.5541155373534612,1.5856909705595938,1.5335975685445609
2011-02-09,1.3845658,1.6710067099091495,1.5755000749926127,1.5570783923031586,1.5842556,1.5675112,1.688734032067906,1.5734371429678369,1.6063890383613848,1.5531479587909236
2011-02-16,1.3543608,1.6290835759719529,1.5359079770625141,1.5224465269590732,1.5461657,1.5303509,1.6420167654238822,1.5360292546971375,1.566212037490331,1.515482174573911
2011-02-24,1.3806351,1.6604172189963016,1.5610239378107804,1.548622324087729,1.5717856,1.5555876,1.6732114532511468,1.561684025344819,1.5933881718430656,1.5405403701479952
2011-03-03,1.34412,1.6216616931404768,1.5244135192439048,1.5179185324432822,1.5315492,1.5173082,1.6243296100758142,1.5260575064558648,1.5527469388084871,1.502613910657411
2011-03-10,1.3225008,1.6001711339656048,1.505380725412862,1.500356142104609,1.512193,1.4994613,1.601097810875106,1.5074066789207319,1.5326356856637433,1.483806394381331
2011-03-17,1.3599335,1.6320775238836758,1.5291714547272495,1.5287337446175346,1.5440943,1.5280317,1.6388065983009414,1.5352577031388686,1.5616626597037535,1.5123707072000592
2011-03-24,1.37749,1.6472775501959296,1.5424194831735647,1.5428101894996922,1.5601394,1.5435042,1.6576116636071567,1.5496793321236435,1.5775080494012907,1.5271813816052209
2011-03-31,1.3850746,1.6543588282665473,1.5499833528811742,1.5496541349244597,1.5676944,1.5509971,1.6664060233146183,1.5569973684402574,1.5853649402849093,1.5345714509171349
2011-04-07,1.36679,1.6349336059478177,1.5334960888626274,1.5306996032435418,1.5452648,1.5293955,1.6403687326035403,1.5378643436590524,1.5635268028011886,1.5146086724041887
2011-04-14,1.3898535,1.664307046403922,1.5550217917430016,1.5566865992338241,1.5720295,1.5541129,1.6716134339856574,1.5625430250685448,1.5904997266111212,1.5392335766009348
2011-04-21,1.4173851,1.7082979183419107,1.5813824235587755,1.584731653227993,1.599494,1.580489,1.7042062648008072,1.589853003759496,1.6188172611643339,1.5659173844112508
2011-04-29,1.3942171,1.6702440982396265,1.5512456986231842,1.5596247143292734,1.5788021,1.5600395,1.6794598238035277,1.5648351976694754,1.5961667696694481,1.5430650582417114
2011-05-06,1.3925546,1.6676727465757704,1.5496854187379037,1.5577800944361346,1.577457,1.5586704,1.6778498735567156,1.5632706048776501,1.5946914295509562,1.5416646108126373
2011-05-13,1.3880872,1.661503143453722,1.5452918156758015,1.5530409297547683,1.5721762,1.5534308,1.6715332664079676,1.5584796751133863,1.5893979476874418,1.536767767036053
2011-05-20,1.3870487,1.6600881897878679,1.5441848932287516,1.551918785405631,1.5709314,1.5522405,1.670034882375329,1.5573219971430965,1.5881266842256703,1.5355921131012795
2011-05-27,1.3406093,1.5917260937384012,1.4969341137685397,1.5006328412936885,1.519169,1.5009046,1.6074291353706396,1.5072150695011612,1.5350890598732392,1.4860568899565314
2011-06-06,1.326688,1.5769369937338489,1.4845074862794485,1.4885221762337306,1.5063564,1.4886901,1.592054920342454,1.4947548804667536,1.521812326608939,1.4736191869396604
2011-06-13,1.3332653,1.5839411673640076,1.4910324931313637,1.4944709097860216,1.5136123,1.4960387,1.6007072048316806,1.501316623997277,1.529167249009158,1.4804723428933366
2011-06-20,1.3357713,1.5863480240398165,1.4931902208542596,1.4966571853562831,1.5161959,1.498641,1.6037569150782507,1.5036207255659617,1.531731072481745,1.482864466093561
2011-06-27,1.3970573,1.6424876662481023,1.5440970719283411,1.5497700659480875,1.5808908,1.562719,1.6794666571215635,1.5596107510456316,1.5945842044698626,1.54162802879335
2011-07-05,1.3718956,1.6190210958594171,1.51867679808946,1.528907591128617,1.5509331,1.5328083,1.644399075455103,1.534453580042117,1.5650133151361378,1.5140424474450789
2011-07-12,1.3857821,1.6313391233991856,1.5299322916491735,1.5402186752556295,1.5641791,1.5457302,1.6597633228904185,1.546370535383279,1.5781822514156092,1.5263616657915202
2011-07-19,1.392046,1.6372324610925566,1.535305531922668,1.5453330956055709,1.5712701,1.552942,1.6679804565667842,1.5521738071194826,1.5849724298083583,1.53269452224222
2011-07-26,1.3101914,1.5594968408126415,1.455105431962911,1.4729771189783494,1.4772501,1.4580363,1.559836801587697,1.4703757730311804,1.491249365244645,1.445531951342517
2011-08-02,1.2265624,1.4896132726536586,1.3977017798481983,1.413202160485865,1.4151969,1.4073478,1.4896116683589797,1.4105832018231284,1.4298993957367476,1.3862886802809804
2011-08-09,1.2485923,1.4985033512052748,1.4057764157260269,1.4204584138799512,1.4215606,1.412501,1.4966347556344033,1.4177918841703803,1.4367362127815249,1.3930027002705174
2011-08-16,1.2157043,1.4871353344446685,1.3917286573649301,1.4096780046572592,1.4068046,1.3990295,1.480857635051544,1.4046996902641675,1.4229246609369797,1.3789488846079867
2011-08-23,1.2704133,1.504844429575774,1.4127941078505246,1.428537458759595,1.429537,1.421058,1.5042701454912892,1.4255561426297445,1.4444353138368788,1.400597405722245
2011-08-30,1.2559005,1.5004041854777121,1.4070848850490387,1.4230567880304095,1.4211055,1.4133464,1.4958474439099894,1.419132860377813,1.4378669114198979,1.393362684917396
2011-09-07,1.2462956,1.497322738730214,1.403375139736798,1.4191256691985927,1.4167334,1.4092572,1.4915202100257314,1.415137953654398,1.43388981035402,1.3892928666470938
2011-09-14,1.2239877,1.4866473748094955,1.3938013737844155,1.4089160058784458,1.4052296,1.3980075,1.4800747508326537,1.4047239799311537,1.4232980279432097,1.3786352360626657
2011-09-21,1.208351,1.4783325851789124,1.3858684133836179,1.4013305975797234,1.3962077,1.3888563,1.4710550560413707,1.396553948584126,1.4145937102591224,1.3701571433308983
2011-09-28,1.2007946,1.474439366105346,1.3824193870924555,1.397750616564626,1.392597,1.385431,1.4674516867613345,1.3930030132046667,1.4110209096680224,1.366659388984354
2011-10-05,1.2672259,1.5070987868507928,1.411941493344899,1.428054189878063,1.4222081,1.4160386,1.4969152779770893,1.422858167083898,1.4423214848524248,1.395811275860259
2011-10-12,1.2712137,1.5090161478136517,1.4139980909728251,1.4299033765954965,1.4245946,1.4184377,1.499284792524991,1.4249464947744377,1.4445896540349183,1.3980311015827362
2011-10-19,1.3044815,1.5245122956547388,1.431328244360032,1.4463403222003346,1.442984,1.4360522,1.5174297476667007,1.4423453867510476,1.4628158939354594,1.4156912721886044
2011-10-26,1.3012283,1.522840464520875,1.429598658024375,1.444615565772869,1.4409846,1.4339765,1.5154534538355917,1.4405291163174474,1.4608792692781534,1.4138185243388905
2011-11-02,1.2925177,1.5186178399356898,1.4255011009182914,1.4406284798159332,1.4371308,1.4305214,1.5116347248146784,1.4365455810506729,1.4569089275215517,1.4099750021915882
2011-11-09,1.3021729,1.5233976224648538,1.4300843323361516,1.444915109493642,1.4420961,1.4355872,1.516547932465178,1.4411579024172985,1.4617710934366237,1.4147057497688478
2011-11-16,1.2232531,1.484656796240995,1.3891551367288761,1.405509499267285,1.3952601,1.3891089,1.4704363172232222,1.3988225894847268,1.4173477397632415,1.3708747101395866
2011-11-23,1.3115132,1.5292867759471473,1.4373139516149835,1.4530968599289353,1.4440051,1.4389904,1.518301075027189,1.4470653352820217,1.4681216610258558,1.4186166737136554
2011-12-01,1.3008085,1.5241539902575414,1.431904146126664,1.4481439204200908,1.4392166,1.434416,1.5136028836256825,1.442013898933351,1.4629572926242824,1.4137477264496627
2011-12-08,1.2822335,1.51464724711481,1.421526265656869,1.4383981778928632,1.4289404,1.4244857,1.5035099277923791,1.4318682886020533,1.4523813238283558,1.403669546730874
2011-12-15,1.3229994,1.5382838115649906,1.445758013184704,1.4622230303012154,1.4551904,1.4462755,1.5292809332038384,1.456653942805788,1.477695280582366,1.4285520528760576
2011-12-22,1.3254286,1.539645015911713,1.4472192382417053,1.4636283954460267,1.4565426,1.4476198,1.530608258340381,1.4580655034528798,1.47914240882731,1.429916981663486
2011-12-30,1.3520421,1.556086117434476,1.4696381098365585,1.481027091262092,1.4773718,1.4674416,1.5511535070974778,1.4781996073941037,1.5008924606776886,1.4504925169103993
2012-01-09,1.365983,1.566498039290212,1.480894929078255,1.4913371418263652,1.4880941,1.47799,1.5618027395974778,1.488978838659045,1.5122094528829915,1.461141622543417
2012-01-17,1.3883729,1.5868388117566148,1.4981068863994715,1.5103312497224721,1.5051553,1.49424,1.5788681185290667,1.506746959982106,1.530317605488182,1.4780597795844066
2012-01-24,1.3868942,1.5848738161185325,1.496561351049509,1.5089278882357993,1.5039335,1.4931324,1.5776255138271567,1.5053601269539851,1.5289537814509242,1.4767709683980292
2012-01-31,1.4235418,1.6372331210035442,1.5279723142157275,1.5465247180142454,1.5305982,1.5173957,1.6051166026045613,1.5370013020903108,1.5589527786700035,1.5047672766995974
2012-02-07,1.427766,1.6437474737971558,1.5320113820128571,1.5507655498220807,1.5337739,1.5203545,1.6084491840846797,1.540798238358443,1.5625291462359514,1.5081610964870913
2012-02-14,1.4366378,1.6572225853960179,1.5408962299655593,1.5601953454465058,1.5411826,1.5274295,1.6163500247758347,1.5493393691285657,1.570857882436999,1.515933046539826
2012-02-22,1.4470934,1.6736362530323776,1.5526225213353462,1.571621658881944,1.5496504,1.5356691,1.6255185900855242,1.5597880137604603,1.5806562516335572,1.5252253344315208
2012-02-29,1.4330472,1.6505693322841593,1.5380298871066282,1.555016032326576,1.5374337,1.5242443,1.612054675284037,1.5454282414342952,1.5669381085508425,1.5123855937923247
2012-03-07,1.4776151,1.7214837538126297,1.589705335644689,1.6014140783162385,1.5812819,1.5671556,1.6612369867115768,1.5927095515853322,1.6150947535693747,1.557602723699384
2012-03-14,1.487273,1.7338845511378873,1.601172420413927,1.6104145749432932,1.5903674,1.5762042,1.671554472522159,1.6025139773441583,1.6247848966260694,1.5671099992257576
2012-03-21,1.4900309,1.7377084239650071,1.604825357074529,1.6132658052354243,1.5929062,1.578752,1.6744639351155937,1.605500436824951,1.6275739812867545,1.56989488837473
2012-03-28,1.4835607,1.7296939754905067,1.5975904909829772,1.6067468744403386,1.5860041,1.5725011,1.666506473376594,1.5986437217189355,1.6203656890880984,1.5631148428636505
2012-04-04,1.4722104,1.7163565993111998,1.5860516632500274,1.5951656280883,1.5753081,1.5618566,1.6541446185397037,1.5873690808525556,1.6089984453259514,1.5523224781691598
2012-04-12,1.4608606,1.7042520973002429,1.5754066895629495,1.5854663046000108,1.5640011,1.55142,1.641059106237346,1.5768383825622936,1.5975211660764006,1.5415659449291095
2012-04-19,1.4867432,1.7314230018150707,1.5988678634076703,1.607543839156769,1.5900066,1.576296,1.6710245572252238,1.6006625458194088,1.623665354994768,1.5660904160531106
2012-04-26,1.47709,1.721470276333104,1.5896180799575572,1.599173216051918,1.578892,1.5661228,1.6582714461086534,1.5911393152717817,1.6126785185887462,1.5559456914332914
2012-05-03,1.4428282,1.6862995162299308,1.5552636495683376,1.5664597719367084,1.5381808,1.5281975,1.6118030340511216,1.5553293766337906,1.5723364650745468,1.5184409113976378
2012-05-10,1.3880935,1.6259152478990608,1.508996256652239,1.513980590301244,1.4856116,1.4762285,1.5520650368817983,1.504914039380552,1.518856235771156,1.4685409828293154
2012-05-17,1.4058073,1.6469313867601085,1.5243601016449408,1.5299718883453581,1.497395,1.4856038,1.5654131941844034,1.5191926468748962,1.5324383979807559,1.4811528863273815
2012-05-24,1.359453,1.5963869660993846,1.4859883697995726,1.4879932097363064,1.4529097,1.4437189,1.5151803547170164,1.4776060541503362,1.488183864191294,1.4394182555903545
2012-06-01,1.4118543,1.6429654274560634,1.5178244370818401,1.5254595429519204,1.4899005,1.4789113,1.5565220185404658,1.512991648067863,1.5243413535698631,1.474301433607077
2012-06-08,1.4302582,1.658282709615386,1.5317546858998194,1.5385601343791,1.505886,1.493771,1.574295862281508,1.5272982350835254,1.5399372027574727,1.489177696015526
2012-06-15,1.4230081,1.652632415690963,1.5260871099267215,1.5332908838074557,1.4983712,1.4869581,1.5659879170146322,1.5212129577687752,1.533014083216678,1.4825354931642196
2012-06-22,1.4511567,1.6742849850942922,1.5477435540249673,1.553136788288358,1.5220501,1.5087131,1.591973045228417,1.5429136099353158,1.5567242852224608,1.5048886219200073
2012-06-29,1.4428399,1.668491466467893,1.542335989950842,1.547789005283296,1.5156889,1.5031152,1.5850487624078953,1.5372190625045676,1.5504208532322656,1.49901115816873
2012-07-09,1.4440125,1.6694272248673332,1.5433319326293908,1.5486317029061996,1.5167031,1.504058,1.586146758466113,1.5381673641757334,1.5514527853307836,1.499986408835417
2012-07-16,1.4403875,1.6664041453511629,1.5400855600752597,1.5458020682989881,1.5135393,1.5011065,1.58274679033346,1.5350962073141767,1.5481836758868497,1.4968904997960197
2012-07-23,1.4786656,1.6984583379491127,1.5666934758844917,1.5773306326999887,1.5448232,1.5273212,1.6162688481214524,1.564863034291635,1.579488388943768,1.52612874681101
2012-07-30,1.4886885,1.707279479274592,1.5745955900649522,1.5848859686721113,1.5541571,1.5357735,1.6262930058487692,1.5731149489517144,1.5886764700469602,1.5347323315225716
2012-08-06,1.5009502,1.718602043185962,1.5844501811496567,1.5941653179657864,1.5636343,1.5450573,1.636493113705657,1.5826651806143175,1.598543325659583,1.5441288115437812
2012-08-13,1.5160909,1.7331930159970301,1.5994918509832163,1.6075858836389405,1.5794958,1.5603414,1.6536121576315217,1.5974221718263586,1.6146712181576972,1.559288579014993
2012-08-20,1.5091602,1.7257533628686341,1.591980369006192,1.6006183763103183,1.5722842,1.5529525,1.6458085214065123,1.590188808971661,1.6072572946176042,1.5521355234509722
2012-08-27,1.5037225,1.7187951601808986,1.5860359450161574,1.59483678777301,1.5669737,1.5482221,1.6400095047392889,1.58452355110688,1.6015646627851452,1.5467510195121619
2012-09-04,1.5344301,1.7668829902310448,1.6192513981920096,1.6293968253455033,1.5959498,1.5755229,1.672240837634926,1.6167316758552874,1.6333402562070898,1.5766207141225683
2012-09-11,1.563325,1.811128261776001,1.6593759128090193,1.6573640579528768,1.6210022,1.5982757,1.700444888309072,1.6472235285847674,1.6618928962950608,1.6047429341066701
2012-09-18,1.5446582,1.7858402370370998,1.6353649033744946,1.6392657843162417,1.6028905,1.5810515,1.6800125431669366,1.6273338734887361,1.642604274859801,1.5855909252746705
2012-09-25,1.5489454,1.7914970638088423,1.6403046578956204,1.6436375152066853,1.6072259,1.5852449,1.6849095171739186,1.6319009726024336,1.647203580658022,1.5900184902340326
2012-10-02,1.5457296,1.787358650674594,1.6368200771317485,1.6402036470819656,1.60401,1.582183,1.6812659152883416,1.6285301445496252,1.643793456028306,1.5867815861947112
2012-10-09,1.5600935,1.8087065644413862,1.6537404158186453,1.655383903563792,1.6207746,1.5984321,1.7003936159771136,1.6448159051100946,1.6611710521400436,1.6031576873382838
2012-10-16,1.5159305,1.7390323113591626,1.6029374563448542,1.6101197750408887,1.5722339,1.5485129,1.6445078032864204,1.5966207134923718,1.6108989432245469,1.5550490783556368
2012-10-23,1.5310442,1.7568795481996087,1.6171340067850766,1.6234519953923257,1.5862303,1.561767,1.6606072717050422,1.6104714639563191,1.6255118075583062,1.5687769553210968
2012-11-01,1.4796984,1.6920404681556784,1.5639388220769788,1.573668353707881,1.5291824,1.506376,1.5948870590393691,1.5571579695815345,1.566139525818169,1.514339862884385
2012-11-08,1.4546154,1.6678462473982205,1.5415904024817455,1.554003889316983,1.5095532,1.4867241,1.5724773235264642,1.5366279129090157,1.5445015419931425,1.494258793399575
2012-11-15,1.5151795,1.7255849723154657,1.5968548376338791,1.6059996376402759,1.5636144,1.5419286,1.6335554546587097,1.5904437428252727,1.6023216502067825,1.5476150792791405
2012-11-23,1.5237548,1.7334150599125873,1.604160679490994,1.6128127672380714,1.5723218,1.5509576,1.6433426475057678,1.5980423063405698,1.611069985954818,1.5556218993426139
2012-11-30,1.5265424,1.7360182358627578,1.6068826736651682,1.6152850508737602,1.574931,1.5534027,1.64625472134911,1.6006582308438957,1.6138791009289024,1.5582393694783072
2012-12-07,1.5232191,1.732704632824934,1.603666165502117,1.611877460011788,1.5716155,1.550352,1.642563532607918,1.597347252264583,1.6103500355598535,1.555015197171645
2012-12-14,1.5414714,1.7551871004941508,1.623956081088339,1.6315732565013705,1.591799,1.5697731,1.6651518303842212,1.6174234585420801,1.6319711474474148,1.574844215627716
2012-12-21,1.5373693,1.7495738992614243,1.6202185110671983,1.627592517762589,1.5871562,1.5649483,1.659926806679621,1.6133213676946496,1.6273105944353106,1.5706277929780672
2012-12-31,1.5712668,1.7921212429837154,1.6525104963986708,1.657308055185128,1.6220003,1.596603,1.6993168137718557,1.6455851421781154,1.6633252190680599,1.603790806849086
2013-01-08,1.5876755,1.808317774372883,1.6680140427926273,1.6706866661488224,1.642184,1.6162363,1.7220048514583162,1.6617331481925028,1.683314993444171,1.6216731519099916
2013-01-15,1.6125052,1.8328965462013518,1.6946370458768012,1.6938150401824987,1.6740307,1.648167,1.7574754973475095,1.6887233312181362,1.7153156127986577,1.6507725223339373
2013-01-23,1.6200616,1.8410747837687975,1.7035439647412511,1.7015410712462842,1.6846747,1.6581944,1.7692614949339875,1.6977443487878867,1.7261453439649903,1.6605004024801153
2013-01-30,1.631829,1.8542424365281822,1.7181264976267523,1.714552330680538,1.6974517,1.6704979,1.7834113462622148,1.7112215332357692,1.740003161299769,1.6736073437002155
2013-02-06,1.6425157,1.8721268453717559,1.7315512021465855,1.7252475166477492,1.7098246,1.6823562,1.7972477013178225,1.723358677425811,1.7530526176974623,1.6859878110979842
2013-02-13,1.6238394,1.840191766388797,1.7048343814886417,1.7044613166457954,1.6838624,1.657765,1.768114428529011,1.6990030324858802,1.72600770670545,1.6605411085085138
2013-02-21,1.6366864,1.8593109043539677,1.7213168485638366,1.7177456280915977,1.6982353,1.6717104,1.7842334528189205,1.7136694673817299,1.7415737800060758,1.6752200047352586
2013-02-28,1.6709069,1.8969743338041156,1.7573083665124525,1.7471901995337973,1.7347156,1.7052219,1.8248900162908783,1.7475086324252498,1.7797012519484838,1.7105179481604944
2013-03-07,1.6919584,1.9215735962326863,1.7848824943451829,1.7671024755831968,1.7587268,1.7278092,1.8515370171117447,1.7711467805331795,1.8050475062630247,1.7349215220789693
2013-03-14,1.6737851,1.8996772968214928,1.7610936567656654,1.7481486475200134,1.7320096,1.7023964,1.8220637625220082,1.7482106360245362,1.7778195225889648,1.7100498541364835
2013-03-21,1.6988333,1.9285596167958958,1.7855148110368708,1.774421670561022,1.7573915,1.7268795,1.8498657012059512,1.7735817821140023,1.8047464392220154,1.7347079269189434
2013-03-28,1.6824596,1.9028919164284215,1.765959946700603,1.756828250831882,1.7345155,1.7044139,1.8245801025307304,1.7536749024768576,1.7814456893017914,1.7136017358317601
2013-04-05,1.7219296,1.969283475724872,1.8039902255868012,1.7989262630143723,1.7823306,1.7483577,1.8777546156474862,1.7961680998550449,1.8306476408337582,1.757005737412967
2013-04-12,1.6859294,1.9158090908338077,1.763465069261014,1.7613332065285638,1.7325289,1.6996366,1.8223626698630753,1.7538125070779815,1.7800603075440078,1.7118138030013619
2013-04-19,1.7158575,1.9442569443201076,1.7933952133835567,1.7842722286798922,1.7603827,1.7290813,1.853020603144427,1.7805784783104408,1.8092505165836872,1.739531630390973
2013-04-26,1.7497966,1.9777884968689872,1.8312797218709245,1.8135379750185727,1.8004819,1.7695318,1.8967055584611572,1.8160292827730857,1.850115140722292,1.7776194393157427
2013-05-03,1.7719172,1.9985856868058003,1.8519134080644821,1.832723458500668,1.828292,1.7962644,1.9266952837199198,1.8383042255366508,1.8779828808813555,1.8020576843930631
2013-05-10,1.8101946,2.0363334485921385,1.9007495621795993,1.8698642867727673,1.87547,1.841459,1.976994375710098,1.8823905230858262,1.9269767639763689,1.8483480673792325
2013-05-17,1.7925198,2.012645422346303,1.8783591207376606,1.8528886930297024,1.852331,1.8197765,1.9521117158318362,1.861751207101197,1.9031119605738818,1.8262066407022388
2013-05-24,1.7821101,1.9971722487290302,1.868298898049534,1.84191392719647,1.84245,1.8100091,1.9414608520051693,1.8514805691331417,1.8925121838837116,1.8164079034385805
2013-06-03,1.7869902,2.003558400936054,1.8726496456436001,1.8465943662001598,1.8471481,1.8138173,1.9465293229979725,1.856062602790194,1.897507545002631,1.820920480496709
2013-06-10,1.7830864,1.9988906711335312,1.8689181585336685,1.8431153287062743,1.8423591,1.8092146,1.941375756504871,1.8521190034541801,1.8927395116669945,1.8166437498842603
2013-06-17,1.7120737,1.9254326897465033,1.8133051240952254,1.783953703603132,1.7787324,1.7442225,1.8734528298524997,1.7927213459294815,1.826927160143654,1.7569970480787267
2013-06-24,1.7589468,1.9638054311685742,1.8447304024461888,1.8165311243147246,1.8171828,1.7793635,1.9141022976728523,1.8267537443914617,1.864907861355034,1.7921329168563793
2013-07-01,1.8000423,1.9960972911247463,1.876323337074366,1.8479540560607082,1.8524095,1.8142359,1.951043900001394,1.8594668575844293,1.9012806295464617,1.8253590302643858
2013-07-09,1.8260957,2.0179458128182444,1.8972914051709504,1.8696043952424102,1.8830937,1.8452171,1.9829801144325765,1.8835336988416254,1.9312462421888095,1.8516203210270523
2013-07-16,1.8437548,2.034040500558436,1.9127610468275023,1.885285124983725,1.9062147,1.8672813,2.0069601412648823,1.901303037338347,1.9538203507275371,1.8712370488745547
2013-07-23,1.837759,2.0261043223565185,1.9056037814091613,1.8792486762712084,1.897094,1.8588445,1.997451647471904,1.893970809432831,1.9446032992021212,1.8631091283487133
2013-07-30,1.8501865,2.0465254932396184,1.9196694134233943,1.8929274405386323,1.9123497,1.8736796,2.0136123052980266,1.9083188383735776,1.960505070138751,1.877628066024437
2013-08-06,1.8488781,2.0443546940034585,1.9180927155030343,1.8915000032284597,1.9106607,1.8720661,2.0118013919481808,1.9067629698016193,1.9587539960171898,1.8760202829367671
2013-08-13,1.8049482,1.9714929152333704,1.8635496109469167,1.8404764412918695,1.8493452,1.8115352,1.9454044110395705,1.8512955632772838,1.89578454062277,1.8185514431364038
2013-08-20,1.7804213,1.9313077981399427,1.8336660044859627,1.81498874334551,1.8228874,1.7845882,1.9166708027760577,1.8240821222380241,1.8672189573625386,1.7916246289907558
2013-08-27,1.8068011,1.9644188897090566,1.8579291035548355,1.838945630179425,1.8475854,1.8081795,1.9434759208368049,1.84839048736896,1.8935634283968157,1.8156891584911576
2013-09-04,1.8465887,2.0155366496138294,1.898086807896357,1.8777136223121054,1.889973,1.8517531,1.98937318597185,1.8888063909327764,1.9380939739677372,1.8564028775743313
2013-09-11,1.8863776,2.064454994681435,1.9424093298873983,1.9176164047795052,1.9383099,1.8965003,2.0415609791296045,1.9328638330626762,1.9883748909570513,1.9021291421474267
2013-09-18,1.8516448,2.020524874205439,1.908924559509304,1.8832496342282554,1.8964058,1.8570845,1.9962586841346972,1.8964642307002917,1.945481223477934,1.8641873071575457
2013-09-25,1.8531786,2.0225522913918454,1.9106607656969867,1.8848474918869886,1.89832,1.8588817,1.9983333039756717,1.8982083659449056,1.9474701217770556,1.865992105900496
2013-10-02,1.8139648,1.9633243819075505,1.8702790623072483,1.8425804339984644,1.8516014,1.8165725,1.9471079002523013,1.855165485834301,1.898915404309812,1.8224199103049052
2013-10-09,1.8848372,2.05751096410315,1.943715848672817,1.9111646961356923,1.9259216,1.8889987,2.028770105195415,1.9272517818705486,1.9788840353182735,1.894803111242985
2013-10-16,1.9122217,2.0849295595756963,1.971139203748809,1.9329588125524177,1.9500539,1.9127492,2.0551181429123018,1.951599201567139,2.004781060258331,1.9193417061411264
2013-10-23,1.9310619,2.1043781265332075,1.9926829697487387,1.9494933062047186,1.9724942,1.9350641,2.0794090672907775,1.9715953652259506,2.0278067732507146,1.9407644488864084
2013-10-30,1.940702,2.114296922618791,2.0041838092384907,1.958803745445151,1.983728,1.9466248,2.091475022639527,1.9822385634595485,2.039417130911658,1.9517808252698063
2013-11-06,1.9539562,2.1290987379871,2.0200178074072044,1.972705253381856,2.00065,1.9627712,2.1096204160610914,1.997740488256628,2.056673211563606,1.967920561179095
2013-11-13,1.954942,2.130281867098842,2.0212228192244033,1.9735833128066116,2.0018752,1.963989,2.110939648485693,1.9988423866723337,2.057905265636606,1.9691082069113652
2013-11-20,1.9839697,2.1730199016485536,2.058461621324558,2.0033808995822944,2.037659,1.9979026,2.1494951035614522,2.03296359386388,2.0948526174924216,2.0043362741417794
2013-11-27,1.9600892,2.1377534418476327,2.0211893924854287,1.9775037883553874,2.0095792,1.9732106,2.1191232447658845,2.0023971902930113,2.0651766154582147,1.974098718143269
2013-12-05,1.9512177,2.1243626779050793,2.0090374080675737,1.9673486134479337,1.9995164,1.9641792,2.108210507796151,1.9916591828658488,2.0542533853124225,1.9636595319272745
2013-12-12,1.9880227,2.184263189586201,2.057716392479038,2.0049193862626726,2.0449295,2.0080218,2.157773760775056,2.0353120547515395,2.102161935666814,2.008731980475285
2013-12-19,2.024807,2.2356593978509216,2.1000832778637846,2.038972696947505,2.089423,2.0507753,2.206558156458226,2.075344367171391,2.147621000936687,2.051233433522914
2013-12-27,2.0083978,2.212382161223305,2.075275634805448,2.022399191963909,2.0679646,2.029654,2.182997163057516,2.054685814444089,2.1257931293545913,2.029543187981387
2014-01-06,2.0010183,2.2024850735970096,2.065626645532138,2.0146932744136747,2.0585685,2.0207677,2.1726647237772694,2.0458261525497443,2.1161099117105446,2.020341371633051
2014-01-13,2.028441,2.2378275662369664,2.0972876259843782,2.0416270421874962,2.0922217,2.0533571,2.2096985048863607,2.076437297778149,2.1504922037151593,2.0524458453608716
2014-01-21,1.9721634,2.1645811075189054,2.0327278930437145,1.9847855977419566,2.0161006,1.9789357,2.1259014030238963,2.0110845244077513,2.073910068582914,1.9822129620268025
2014-01-28,1.9316344,2.117840770668474,1.9818280664163788,1.9507910459607496,1.976462,1.9418532,2.0824470929850087,1.9701812559985858,2.0307722757773914,1.9407260844009209
2014-02-04,2.004212,2.1841335858213347,2.0439193364939996,2.0028914158217344,2.0455499,2.0036855,2.15753600361492,2.0308882565904676,2.1003900797634687,2.0056051070460117
2014-02-11,2.0156667,2.1935207733894484,2.0546849668244023,2.01129362056278,2.0603397,2.0184398,2.173400159156103,2.0419057407574623,2.1146216333478414,2.018490783714301
2014-02-19,2.0358202,2.2110018025099514,2.073687747385478,2.028218284853637,2.0802598,2.03719,2.1944205301497663,2.060515791496503,2.1353372025223827,2.037637601984075
2014-02-26,2.067759,2.2429016838217053,2.1063641645906497,2.058586272120336,2.1223516,2.076457,2.2385803566155755,2.095209468090583,2.177187398065147,2.075435361932342
2014-03-05,2.0625823,2.237692213930427,2.100662416022641,2.053820302037001,2.1161938,2.0704901,2.232108466522078,2.089720209221649,2.1709141308284465,2.0696165108059086
2014-03-12,2.0557554,2.226744814925116,2.0930805926263205,2.0467458907569274,2.1077235,2.0621045,2.2231500994994713,2.0820335201520206,2.16220851137642,2.061634865801031
2014-03-19,2.0461328,2.2128889187195275,2.083407942962949,2.0374568621758335,2.0971076,2.0518456,2.211898607002201,2.072191476483508,2.1512003800340773,2.051557327734133
2014-03-26,2.0893846,2.273614988901848,2.1247263239297753,2.080487593958695,2.142747,2.095296,2.2603308273024867,2.115487519579774,2.198833471093973,2.094960606720473
2014-04-02,2.069584,2.246780397118897,2.1026814880282445,2.0604524375849196,2.1201956,2.073969,2.2363146521770547,2.0939745381670045,2.1754932410068015,2.0730970109202693
2014-04-09,2.0589652,2.2338529221843295,2.09210207607403,2.050880827835108,2.1083848,2.0627253,2.2237252615531995,2.083361867997505,2.163419308756021,2.061982178219205
2014-04-16,2.07777,2.25232824256237,2.108126957502136,2.0653058939576745,2.1288228,2.0835226,2.245393081413744,2.1001400035594058,2.183786243440308,2.080367860691663
2014-04-24,2.0833013,2.257962144193582,2.1139684894835704,2.070208763415552,2.1357577,2.0902443,2.252714191488531,2.105973118953066,2.190728474439894,2.086736698739659
2014-05-01,2.0761108,2.250446468505763,2.106226747157637,2.063148011233071,2.127736,2.0824609,2.2442854008846806,2.098405073456559,2.18244247873404,2.078998337191311
2014-05-08,2.0730133,2.246901231533594,2.103095770118408,2.0599752671402682,2.123937,2.0788093,2.2403032177301156,2.095072904351309,2.1785801604475883,2.0755221400703596
2014-05-15,2.0972393,2.284026168422511,2.129712538019518,2.0840352954073724,2.153108,2.106771,2.2712985391934466,2.1216102866189885,2.208409784295537,2.1031490769171244
2014-05-22,2.1314209,2.3390654102916684,2.1743246824032854,2.1186735820805573,2.2016237,2.1519668,2.323091936116796,2.163765810969957,2.2569656001898095,2.1488707126221187
2014-05-30,2.1612875,2.3882201930656124,2.219934209816227,2.150567506265392,2.244067,2.192061,2.368723273380466,2.2036601283419297,2.2993030476085274,2.1911718378824316
2014-06-06,2.1474607,2.3653022861468975,2.1986364173099515,2.1352870795562637,2.225247,2.1746469,2.348355658876038,2.1853772740833826,2.280537289725804,2.1722167470308613
2014-06-13,2.1778686,2.4155410151743655,2.245335017508766,2.1694666414068102,2.2591312,2.2052722,2.3852542517521473,2.2236443480180577,2.3161407194710253,2.2091034457002143
2014-06-20,2.176535,2.413322178474352,2.243272526452155,2.1679224015654124,2.2573295,2.2035222,2.383269295159539,2.221756295111027,2.314369695861859,2.2071921299391133
2014-06-27,2.1953201,2.4445653583418956,2.2723142216145353,2.189931536549645,2.2812161,2.2248116,2.4097903239852805,2.2468119045850967,2.3387370027039727,2.2321156175036663
2014-07-07,2.1963196,2.446234728594417,2.2738659632167795,2.191091977242832,2.2825215,2.2259824,2.411249022964877,2.2481778550314098,2.340063294513453,2.2334847301941623
2014-07-14,2.1934302,2.441407352026439,2.2699229301857993,2.1877731825789777,2.2786362,2.2225273,2.406830791769748,2.244457244928464,2.336088493910091,2.2296733190617184
2014-07-21,2.1985428,2.4499433638333157,2.2765028240131775,2.192945392215797,2.2847,2.2283447,2.4137599423035883,2.250365534005951,2.3423523535612873,2.23572092318801
2014-07-28,2.155083,2.3772989587506848,2.214902510443447,2.145082358733387,2.2244754,2.1716866,2.344760966027044,2.194174709158031,2.2810585798534317,2.1768803967015082
2014-08-04,2.1540828,2.375851483045586,2.213683971369974,2.1440980779593124,2.2232869,2.170578,2.3434031205508052,2.19304961365074,2.2798301142815864,2.175716114856694
2014-08-11,2.1936524,2.4231037993882807,2.2572365941381785,2.1797961501661645,2.2685966,2.2132027,2.3948860102747993,2.2343426661809622,2.3263595148576255,2.2191790423926196
2014-08-18,2.2252188,2.4615239052773044,2.293398540517362,2.209838183444379,2.3127072,2.2543442,2.444732864421163,2.2706555320894046,2.3702915651793135,2.2593034313167695
2014-08-25,2.229776,2.467231647343807,2.2987965158254546,2.2145006572795096,2.3193183,2.2605143,2.452164577876731,2.276153462329086,2.3768939112675156,2.2653199474375807
2014-09-02,2.2154374,2.443253701637951,2.278496911938565,2.1982352434841297,2.2998474,2.2418842,2.4302410787541406,2.2575928105933043,2.3570503406293963,2.24620263310547
2014-09-09,2.228331,2.464583001260904,2.295932450554212,2.2129285568719066,2.3144362,2.2550008,2.446895856833133,2.2731106424729473,2.372632539734068,2.2612849915838407
2014-09-16,2.2111647,2.4361035299426916,2.272719546420427,2.193753602785818,2.2916815,2.2348022,2.420623889146123,2.2514909342204867,2.3492363118313153,2.239010167735691
2014-09-23,2.2001092,2.4178334243063766,2.2581224617102236,2.1817024367546574,2.2801604,2.2244585,2.4072145080349263,2.238843564023526,2.3365806121467605,2.226879067646165
2014-09-30,2.1581225,2.356219805548143,2.208717383734242,2.1418481184370317,2.225979,2.1701655,2.3441470089790286,2.1915043428428946,2.28104145877387,2.175904502061844
2014-10-07,2.0960338,2.2874116139134224,2.146719379730504,2.0910879781262506,2.1606233,2.107883,2.268874580546438,2.1324861089909626,2.21336092025655,2.113495196887977
2014-10-14,2.1671677,2.345457249408351,2.204962400820058,2.138866478376461,2.2172658,2.1598947,2.33309335005051,2.186501640374669,2.2740026802783713,2.169083073701187
2014-10-21,2.2156317,2.3804756155187636,2.235319423684889,2.170332568178528,2.2654703,2.2043424,2.386988613202553,2.2223902766087944,2.319519930925262,2.209686449880305
2014-10-28,2.2453358,2.402212733165621,2.258975560965361,2.191048875174241,2.301582,2.2397168,2.4267675734898235,2.248437811204389,2.3549228194950294,2.2409027519999127
2014-11-04,2.2800646,2.4281566234102954,2.285544986391223,2.2183905629892378,2.338449,2.276412,2.4668670064596596,2.278367861199992,2.3923477629266037,2.273809578203544
2014-11-11,2.2953625,2.442653168194031,2.300589546726702,2.2322130130998703,2.3616545,2.2991223,2.49148215390359,2.2952508591893923,2.4156089561757823,2.2938336308761205
2014-11-18,2.3127832,2.4620322641710195,2.321812369240386,2.2497828677216334,2.3812943,2.317912,2.5130087930277636,2.3147576098353793,2.4366102453907144,2.313468190480437
2014-11-25,2.3214939,2.4757194985591457,2.332172335508727,2.259230307793071,2.393238,2.329203,2.5262479475492907,2.3252906356919834,2.4489983780555233,2.3246762446272524
2014-12-03,2.2686744,2.391226863782062,2.252924086487276,2.202469682700555,2.3395076,2.2795026,2.4657575946972874,2.263149743770182,2.391254806379849,2.2664538006452877
2014-12-10,2.2533765,2.36704032237437,2.236232432206463,2.1883889508916545,2.3249724,2.2650008,2.4492616462474674,2.2480990732510793,2.374748044460065,2.251706274998517
2014-12-17,2.3329594,2.4495498357365606,2.2987715714131447,2.2454553207426025,2.3947966,2.3366313,2.528108470275354,2.310999967984376,2.448755567568741,2.3178336149930225
2014-12-24,2.3066847,2.4267447218580567,2.278485696107074,2.2267311956762845,2.359636,2.3047132,2.48889044208956,2.287282985115999,2.415094472747153,2.2884724785344743
2015-01-02,2.2934353,2.4154747837433352,2.2679398135179865,2.21593926956615,2.3446167,2.2907693,2.472329773975556,2.2753714284528037,2.400378978983729,2.2751738044305965
2015-01-09,2.264016,2.394534869338522,2.2472780847129017,2.196113848914426,2.317243,2.2649503,2.4424866116898163,2.252990995916586,2.373153503254237,2.2504495772799498
2015-01-16,2.3069086,2.426496319779394,2.2761451487569673,2.226793156999341,2.3557394,2.301524,2.48419765728447,2.285430170061124,2.411138178923272,2.285257798226913
2015-01-26,2.2672715,2.390949354551024,2.242587994386098,2.196279715618709,2.3157299,2.2618353,2.4412310406310294,2.2509591272584535,2.3697074876641553,2.2480661634069885
2015-02-02,2.2977016,2.4139555939544985,2.2618165697659016,2.217346698076305,2.3409095,2.2857714,2.4678877349345676,2.2726468360392724,2.3949593289153315,2.2709706196037773
2015-02-09,2.3592346,2.4638639066561376,2.3113694628886945,2.263318825053908,2.4146776,2.3526235,2.545927473343709,2.3278248126276258,2.464514879956117,2.335342308184343
2015-02-17,2.3783228,2.4802710104369647,2.328949598807082,2.2788303815815,2.4354591,2.371719,2.567920508084102,2.3456737501265965,2.4858119675040853,2.354721769757918
2015-02-24,2.370575,2.4725305295418583,2.3207695077707635,2.2715546428144195,2.425499,2.3630228,2.5574023044118457,2.3372774736375503,2.475676459275606,2.345527904769722
2015-03-03,2.301631,2.391789094767978,2.245074006271835,2.2023860114120226,2.3490055,2.2922022,2.475980755953871,2.263642937550675,2.3946731240289867,2.2709976326102446
2015-03-10,2.3350928,2.433542817438165,2.279945169708062,2.2294081088028994,2.3845732,2.3245842,2.5141234329019073,2.2958714918462197,2.4318614648053267,2.305409407953415
2015-03-17,2.3552155,2.4567075208237683,2.3012035366427908,2.2453287577539265,2.4055579,2.3441575,2.5366067223546502,2.315087089703002,2.4539166106052543,2.3258870288048277
2015-03-24,2.32826,2.4284262876308564,2.2731023678563176,2.2230133390579767,2.3759305,2.3162842,2.5050907502632116,2.2886212060175075,2.4231907886067567,2.2974786556610387
2015-03-31,2.3457415,2.4441405261473235,2.2898071423628275,2.236728252681407,2.392911,2.3324003,2.522998050943103,2.3043407553472304,2.4411031296053984,2.3139496541703526
2015-04-08,2.3733747,2.4705542178503626,2.3179746120588787,2.2612045585535143,2.427446,2.3642704,2.5592789875094253,2.3330925600931076,2.4762667237418197,2.345742148121066
2015-04-15,2.37563,2.472992389695413,2.320482623926224,2.2633388605220026,2.430134,2.366758,2.5621088638344918,2.3355379473346907,2.479071111520105,2.348345311036822
2015-04-22,2.374954,2.4721157041680075,2.319732661697167,2.2626944919531584,2.4293368,2.3660128,2.5612695169338084,2.334810794238208,2.478241611603881,2.347580955136392
2015-04-29,2.3464181,2.4323584827676874,2.2898802652947325,2.2337464720849125,2.3970006,2.3354077,2.5268389307864654,2.304483406959461,2.4441618031813195,2.3166393926045306
2015-05-06,2.3687506,2.4616125876100163,2.3113886184556436,2.2536168172598106,2.4201672,2.357756,2.551610763228523,2.325943450259436,2.4686592735987887,2.338812979796955
2015-05-13,2.4010077,2.5008321023149014,2.344389227436456,2.2829868947200858,2.4571419,2.3924577,2.591086773882467,2.358892298541175,2.5070853751230193,2.373767394118236
2015-05-20,2.3962703,2.4945834674945324,2.3386088267826635,2.278335380276985,2.4516687,2.387253,2.585232955987699,2.353615051111874,2.5013305449183503,2.3683510802546324
2015-05-28,2.3699913,2.463252107106197,2.307697162401213,2.2536477239499018,2.4227993,2.359162,2.554394188549377,2.3255992726003507,2.4707483639507166,2.339681569767424
2015-06-04,2.3869095,2.484823560169182,2.325331982960723,2.2700687972568794,2.4408991,2.3761976,2.5738142135713655,2.342971395639259,2.490036383434395,2.3572524360278964
2015-06-11,2.3998795,2.5033015080885255,2.341618148194374,2.2823582488893392,2.4555237,2.3901136,2.589614203801169,2.357274357174443,2.5054246349034757,2.3719171625868603
2015-06-18,2.378459,2.4744338621576896,2.319583859399384,2.262528851662605,2.4314566,2.3672655,2.5635429251958213,2.335381947910561,2.480274503028671,2.34899333997766
2015-06-25,2.3495593,2.4350359521163814,2.283869520116008,2.2342728695915626,2.3975265,2.3362992,2.526715484046047,2.3029284931852008,2.4444954928297884,2.315470790023467
2015-07-02,2.351485,2.437032793893776,2.285493702528844,2.2358101726089017,2.3993473,2.338025,2.5286886351366844,2.304585487556593,2.446416966679334,2.317195982467817
2015-07-10,2.408153,2.4909145065877127,2.323824797391549,2.2789363955008084,2.4578133,2.3918464,2.591816236577939,2.3504661089113945,2.5034938440763743,2.368146241254531
2015-07-17,2.3573785,2.4417328727049727,2.271233470187886,2.236886543309928,2.3798404,2.3159397,2.5096051663263714,2.293981620987458,2.424050356268382,2.298078244640165
2015-07-24,2.385712,2.4691740399222146,2.2977821782518286,2.2616404995619988,2.4145982,2.3501453,2.5466537074935953,2.3223513785137495,2.459487024873713,2.329496847258391
2015-07-31,2.356812,2.437904779890253,2.269996749944719,2.2358130727452794,2.370588,2.3073165,2.5002432859742054,2.2907179058979095,2.4149470070751327,2.2917089226408534
2015-08-07,2.3734722,2.4587393166764735,2.2869277634689555,2.2517586022963836,2.3887727,2.3247008,2.5197425508061704,2.3077562746953726,2.4340502408279603,2.3091485881373517
2015-08-14,2.2421167,2.2891250790315407,2.1500955662094037,2.1286476252559132,2.2567236,2.198364,2.3786694874194616,2.177262922577449,2.2942568292079186,2.1789017045676675
2015-08-21,2.2585504,2.3015616932369958,2.160424068586532,2.137761407093109,2.2665012,2.2066934,2.3890096023012006,2.186987887955146,2.3048420629580866,2.188594867317329
2015-08-28,2.1827292,2.2655917864587076,2.13297498840825,2.108286355930392,2.227348,2.1672196,2.3486666272989725,2.1553584317500487,2.2687791688888668,2.15390501550135
2015-09-04,2.22149,2.282166410781783,2.14806247080912,2.1246308017119393,2.2478194,2.187783,2.369130245399396,2.1725109816331805,2.2880079046704545,2.1723146673982923
2015-09-14,2.2381654,2.2889781615886506,2.1559746056179234,2.132641032174063,2.2588243,2.1996443,2.3798428518767207,2.181377746356244,2.2986195643978586,2.1821219316077327
2015-09-21,2.1418989,2.250773660670767,2.1148391683377854,2.079742878170311,2.1963384,2.1354573,2.3203247447954403,2.129985929712998,2.2379385474084605,2.1274673037156426
2015-09-28,2.2610643,2.3176935652464303,2.1832977454892992,2.1465747471941734,2.2476003,2.1839314,2.369852099344285,2.191707634131033,2.3033241892026166,2.182034660528461
2015-10-05,2.2958107,2.3395131812621033,2.203953243150198,2.1657118052950604,2.2725222,2.2086208,2.3939912651408024,2.213134464316363,2.328699716672125,2.205107955453259
2015-10-12,2.316888,2.354884974989289,2.2213787331712957,2.179558544975763,2.291264,2.227402,2.4122480219455924,2.229666856932546,2.348326336194769,2.2229681070158374
2015-10-19,2.3582413,2.384766536230585,2.254368608658949,2.2092272736483487,2.3311095,2.2684987,2.4511453526038176,2.263579568917348,2.3896871043757515,2.259831656997906
2015-10-26,2.3968627,2.4127504367066064,2.2882169921781133,2.2369396102669463,2.3646162,2.302636,2.4841564451189977,2.2951533024217845,2.4256631921921326,2.292579258668855
2015-11-02,2.3705456,2.390183252995591,2.263673985990648,2.2173797087717593,2.3423078,2.2816646,2.4620120553660376,2.2731251893846838,2.402130852614468,2.2703614298604964
2015-11-09,2.34252,2.3606614152896515,2.2372342554161064,2.194090728871793,2.3203287,2.2602444,2.4400236011085235,2.249323394926969,2.3774858253963016,2.247746136863709
2015-11-16,2.3818243,2.3976681929985775,2.2762034223919034,2.2217545116533937,2.3526986,2.292545,2.4725326176293088,2.282019697508941,2.413508084629949,2.2806885303153126
2015-11-23,2.4001653,2.415419456469867,2.2958689071636043,2.235740658067481,2.3663986,2.3060818,2.4862981453264186,2.297599657314803,2.4290670873067937,2.295404874876614
2015-12-01,2.3576725,2.371833168709136,2.2488934467988075,2.2001374403770724,2.3270624,2.2689447,2.446572335275432,2.257248768546999,2.386925734705195,2.255340391333656
2015-12-08,2.3357992,2.3533347710087056,2.231042112147355,2.1849762357230427,2.3093987,2.253475,2.4286688537257453,2.2404102411572175,2.368438111250965,2.238124182132639
2015-12-15,2.3321657,2.3504573470428602,2.2285349741922826,2.1825480971566296,2.306666,2.2508836,2.425894599661923,2.237858957720834,2.365570485562052,2.235518549507017
2015-12-22,2.3600142,2.3707936657588506,2.2488097776529696,2.199412244603491,2.3306875,2.2736883,2.4502432431416823,2.2580480517967074,2.3896194947696534,2.2576762206897536
2015-12-30,2.2238662,2.277340293083165,2.1255049083154023,2.107433052914683,2.2075377,2.153385,2.326144868353213,2.1463128286638904,2.2609473833982783,2.138823101762586
2016-01-07,2.19957,2.261117295101169,2.1123377281004747,2.0935140519012614,2.1950345,2.1408236,2.31357966467219,2.1331348395460368,2.246566296953614,2.1263357138578054
2016-01-14,2.1834116,2.2511657945760115,2.1038637606105985,2.0849214084808807,2.1852274,2.131314,2.303750558872794,2.124212656164485,2.236500529441292,2.117131241346161
2016-01-22,2.220084,2.2732050872217955,2.1198811048608523,2.1042373772680842,2.2094562,2.1503828,2.327833569673328,2.1437980340007896,2.2580380388583836,2.1383450647895694
2016-01-29,2.1539586,2.2375185281559813,2.08521951725911,2.0707227373121633,2.1597624,2.1017394,2.2791106118981745,2.105158527114795,2.2110490405003946,2.094713177022102
2016-02-05,2.1388302,2.229473724357841,2.077790311128702,2.062410995203063,2.1523082,2.0938249,2.271837688164968,2.0974515297476053,2.2025641259735704,2.087372142527251
2016-02-12,2.2322314,2.28014976074444,2.1217439776733444,2.1148894422092157,2.210547,2.1485455,2.328566795535023,2.148679319765954,2.2591979031480642,2.140358580431138
2016-02-22,2.2182505,2.271981094554379,2.113297670625229,2.1068055858885133,2.2003968,2.1394966,2.318705709945777,2.139828585209498,2.2491046376746295,2.1309644028631025
2016-02-29,2.298816,2.3230494610775465,2.16337054062565,2.159218332120611,2.2556024,2.1909537,2.372205706762155,2.1923626527215427,2.307047972462687,2.1836649660301446
2016-03-07,2.3207052,2.3376145139251148,2.1784690097871233,2.1739447646096393,2.272824,2.2047577,2.3888760870052104,2.208007698142825,2.3243025310351526,2.199872385620121
2016-03-14,2.357671,2.3628336669376586,2.205175083931564,2.199770334622455,2.304104,2.2333615,2.419455995084225,2.235846725693707,2.3560770120974652,2.229062533854854
2016-03-21,2.3628547,2.3672334819701013,2.209797806910128,2.2039079754974025,2.3086004,2.2375944,2.4238693047894264,2.24025960621946,2.3607891721971894,2.2334794976316754
2016-03-29,2.3521414,2.3565358252610116,2.2002545687968875,2.194646204706201,2.2996135,2.229644,2.4149743968230566,2.2310140926586386,2.3512716959217377,2.2245253228206896
2016-04-05,2.3720698,2.3811439012966833,2.2163910423920505,2.211893090502195,2.3138564,2.2434173,2.4293015290712847,2.246842135955359,2.3671774500716425,2.2390772174835853
2016-04-12,2.4179165,2.4320563471068386,2.255937149849337,2.249085452025172,2.3521495,2.2774184,2.468255633849356,2.285188925816879,2.407655956377113,2.2768602633141892
2016-04-19,2.4066284,2.41821275439913,2.2438622894576183,2.239311223864178,2.3421655,2.2686925,2.458019032289003,2.2746259547526204,2.3971251749393843,2.266614255031138
2016-04-26,2.3748348,2.3787796097765903,2.2092177671450406,2.2087433235557445,2.3151739,2.242982,2.43012136825394,2.24406193016122,2.367545446815913,2.2382931262497023
2016-05-03,2.4012136,2.4095509565589937,2.2324445733356897,2.231809177138806,2.3350601,2.2618065,2.4508933964042945,2.266068901413627,2.389703386858154,2.258717069894907
2016-05-10,2.3597448,2.3553059826629226,2.188695549619312,2.196244566238325,2.2979622,2.2276852,2.4115902753269376,2.2274243183758426,2.3503952972016284,2.2209247396156413
2016-05-17,2.3945322,2.3963500241743203,2.2212219471071952,2.2239851859770696,2.3283114,2.2563908,2.4440758355618235,2.25757092023195,2.3827829001993246,2.251047517247246
2016-05-24,2.4221792,2.4269119526085503,2.247139535439726,2.2462400430291396,2.357492,2.2835882,2.475536111658142,2.283199879278475,2.4123109097487334,2.2784266037188696
2016-06-01,2.44637,2.4543784464979854,2.2729572211262714,2.26795437615645,2.381298,2.3056612,2.5013622935694473,2.3069437216154793,2.4373841807669097,2.3021565853868213
2016-06-08,2.3931506,2.389450892311307,2.2068731770705132,2.216506395103531,2.3282547,2.2559626,2.443440620620921,2.2504420148907887,2.380523290393642,2.247346510496766
2016-06-15,2.4096496,2.4116050698395566,2.2232062647586064,2.232098575288673,2.342619,2.2711024,2.459250862902806,2.2658556687899423,2.397445642575636,2.261951676567755
2016-06-22,2.3929744,2.38649906638016,2.2070031320674968,2.2156853220306263,2.3267238,2.2542598,2.4415444455422057,2.2496908189380505,2.3792067090353615,2.246268131700226
2016-06-29,2.426207,2.408582255723721,2.2242244539353493,2.2315600444040498,2.3559396,2.2815402,2.473794078178041,2.2697021625834948,2.4058170330836335,2.270614765766164
2016-07-07,2.5025146,2.4579520848962164,2.2767336789416546,2.2764090623189,2.4386685,2.364006,2.5639426034858928,2.327671581704959,2.4839626081565003,2.3407494315410755
2016-07-14,2.504252,2.459029803286387,2.277887588542036,2.277521639395044,2.440605,2.3659003,2.5660357877900872,2.3290307230187333,2.4858187667473985,2.3423751945497653
2016-07-21,2.510041,2.462660787245734,2.2825681073531423,2.2820417612900807,2.445744,2.3711584,2.571496860403248,2.3338597399671994,2.491165355957725,2.3473174467980793
2016-07-28,2.5058727,2.4584111291849196,2.277802732713665,2.278215171677815,2.4415987,2.3668025,2.5670723173784125,2.3296326145526596,2.486825275289047,2.343130037454822
2016-08-04,2.53181,2.4963323730917217,2.3042314104907202,2.3031558104839904,2.4689817,2.3938496,2.5965992418848716,2.3558731621359215,2.5150322407716286,2.3696147073813782
2016-08-11,2.5342424,2.4999297415576365,2.3073781333289993,2.305521805722682,2.4705129,2.395547,2.59829112394182,2.358241877658791,2.516721203856005,2.3715296683916836
2016-08-18,2.5208094,2.480053119716416,2.2890324647134066,2.291915766332374,2.4597554,2.3844,2.58625733945782,2.343488004241741,2.5053638377900445,2.3587983796543157
2016-08-25,2.5172193,2.474755006855274,2.284142427381361,2.2881759284125254,2.4569628,2.3815594,2.5830766052778005,2.3397247762494597,2.5021503669392704,2.3555664240402465
2016-09-01,2.46963,2.404575209809295,2.2265020875184645,2.2380690421163734,2.4185078,2.3447118,2.538291550732821,2.2917120269148032,2.4591610386729066,2.3133540068267564
2016-09-09,2.483152,2.4213496293727887,2.2411491794643665,2.2473810710551736,2.4296978,2.3559973,2.551577287247294,2.3032351257076393,2.471795608788911,2.324973467818091
2016-09-16,2.5136433,2.4513011454940137,2.270643739551665,2.2683482421536714,2.4594748,2.3857863,2.5870796288679863,2.329666090673889,2.502493412091464,2.3535669860783677
2016-09-23,2.517251,2.4545927706942376,2.274379950083234,2.2710245002062504,2.463552,2.3901255,2.591951880119306,2.333105302538189,2.5065623596044655,2.3573891909939455
2016-09-30,2.502587,2.441961480636851,2.2608035790506493,2.259762264876428,2.447673,2.3750916,2.5730017229956577,2.31968128914256,2.490694505942435,2.3426929471939943
2016-10-07,2.480243,2.422899306715322,2.238949653025945,2.2403740199014486,2.4217103,2.349894,2.5421119285697498,2.2974543767667313,2.4645978949950362,2.318685430588753
2016-10-14,2.4902523,2.4346805332132004,2.2480280834935735,2.2490781831763416,2.4314868,2.3587759,2.5537788453088677,2.3066274592457177,2.474791887373803,2.3280374628875755
2016-10-21,2.4734924,2.4120695978838884,2.2304279899454325,2.2333085996761604,2.4143405,2.342753,2.533290022123501,2.2898163386210095,2.456956064622833,2.311197605838107
2016-10-28,2.427058,2.344087368378559,2.185295742250466,2.1904467149373246,2.368085,2.2984264,2.477772879921604,2.245114231130725,2.4078873465354595,2.26633584548515
2016-11-04,2.518647,2.4767743903181665,2.275830744135178,2.273113200381856,2.439698,2.3688061,2.564113190769709,2.326306980830381,2.4950859856982794,2.3409193347255193
2016-11-11,2.542854,2.505537628820287,2.296061833435923,2.2909000808978965,2.4648707,2.3942204,2.5945725424428034,2.3472205515803553,2.5206087691732564,2.363993837936557
2016-11-18,2.5658963,2.532675385030741,2.3225645888659847,2.3096297774903514,2.486925,2.4141376,2.6213273832046573,2.3694294157192646,2.543502484615056,2.3864340297646183
2016-11-28,2.5719488,2.5395686189787945,2.32968112577815,2.3148042623331255,2.4928758,2.419369,2.628540276490978,2.3754525905368538,2.5496816218279728,2.3924726249397765
2016-12-05,2.6330466,2.611135172955093,2.397545339658082,2.369310285751236,2.56856,2.4876153,2.7208382810370666,2.4408250654475006,2.62515137211427,2.463616191539489
2016-12-12,2.640138,2.6215198401074704,2.4067292926767556,2.375250272331074,2.5760412,2.4943733,2.7300627552875945,2.4482935697510406,2.632820070513835,2.471269430619487
2016-12-19,2.6488006,2.6344221080545096,2.4181400151400863,2.382681968024238,2.5870724,2.5038657,2.7433759414668506,2.458060674834282,2.6436841131408997,2.481961503993359
2016-12-27,2.6524286,2.639834718231588,2.423081872184747,2.385971246274178,2.5913749,2.5078142,2.7487488831449642,2.4624062375315776,2.6480326300057047,2.486476330539705
2017-01-04,2.6585164,2.648526371147372,2.4307989544387305,2.3911773846074253,2.5979466,2.5139105,2.7569547068880387,2.4687798617214574,2.654706848084471,2.493063761265262
2017-01-11,2.6445868,2.6276786315804244,2.4125683300961396,2.378414509774909,2.581727,2.4987996,2.7366191069553905,2.453229058011758,2.638408661186922,2.476916797392767
2017-01-19,2.6846218,2.687347328181165,2.466122540517466,2.415790840536624,2.615092,2.5314298,2.778876468239603,2.4937804581528513,2.6749168907777534,2.513643485286624
2017-01-26,2.66636,2.6599265509935788,2.440942696828399,2.3995934500479694,2.5928817,2.5086868,2.750465690858908,2.47292911271036,2.652886324142896,2.491527586601963
2017-02-02,2.6994894,2.709500715960572,2.4828486581295333,2.4302694368101614,2.6330233,2.5461452,2.801721394085042,2.5101261066491705,2.6933487997203693,2.530737894663263
2017-02-09,2.74772,2.782115110858743,2.5490745683847447,2.474406230123411,2.6938174,2.6042182,2.87680729552302,2.5662667208905803,2.7536861161253694,2.5905770635193073
2017-02-16,2.7713664,2.818028758027857,2.5819769714577103,2.4959606403602304,2.7262106,2.6352472,2.9139433010684757,2.59485172576852,2.785723645110954,2.6219756088489405
2017-02-24,2.7910328,2.8480250844579182,2.6094606597806598,2.514436202547647,2.7506146,2.6597114,2.9449605837021386,2.6179824556812745,2.8102939718131936,2.646246397059518
2017-03-03,2.7824874,2.834945081863468,2.5974763017824425,2.5072229898376217,2.7382433,2.6482882,2.931435389599886,2.607735243635729,2.798346952251541,2.634449625748318
2017-03-10,2.7868323,2.841585327592079,2.602986748250058,2.5111020797232078,2.7439833,2.653541,2.938301643006,2.612721215322439,2.80403856343391,2.6399146930642208
2017-03-17,2.7495623,2.7845816782940234,2.5507042466386425,2.477584170028184,2.6950731,2.6073835,2.879357815149264,2.5676116212413835,2.755742610203093,2.591275369883337
2017-03-24,2.771666,2.8181595466466933,2.576247146929247,2.4967838167967176,2.7161891,2.627461,2.9076619674631385,2.5893516747599423,2.7780111499230458,2.6127757766922697
2017-03-31,2.7653172,2.8084763528256347,2.5681859654488473,2.4910462332607035,2.708743,2.6204526,2.8976667403699117,2.582355892677737,2.770449109798945,2.6054405835292913
2017-04-07,2.7579103,2.7971925399740316,2.5595601069789455,2.48403454254983,2.6999288,2.6119976,2.88601235426664,2.5742943830832656,2.761442980881012,2.5969784803554568
2017-04-17,2.788479,2.843698997726042,2.5961501700592255,2.5106592531462844,2.7303512,2.641292,2.926930665383402,2.6051921279853176,2.7939888265992305,2.627886960057284
2017-04-24,2.8062322,2.8708560836880195,2.6114683618082632,2.5250482516857025,2.7531796,2.6650994,2.9547556129357786,2.622389397454785,2.8169087050877106,2.6478788444025687
2017-05-01,2.8177547,2.888537879096724,2.6259094220981805,2.5351908728465635,2.7683945,2.6785815,2.972954151179304,2.635416097544247,2.8318561691455697,2.6623046197966853
2017-05-08,2.825279,2.900107721523221,2.636357841964551,2.5421943072603383,2.7788544,2.687822,2.9848621172542025,2.644665825743318,2.8420100246759463,2.672446013770902
2017-05-15,2.8161082,2.8859873156437192,2.623521614366566,2.533573537261456,2.7667272,2.676269,2.9703290486108624,2.6335695333406264,2.8300822922354834,2.660535924662258
2017-05-22,2.8393884,2.9193483848944024,2.6534780096620327,2.551753336910136,2.7922702,2.6992722,3.0056683566775715,2.6575604206809027,2.855491107836056,2.686083562727178
2017-05-30,2.8594928,2.950296331629041,2.681598615023367,2.569205692004097,2.816461,2.7213023,3.0375553604952104,2.682040207932791,2.87902790298872,2.711533422141596
2017-06-06,2.8752484,2.9742012398472726,2.703761917251519,2.5832591690333295,2.8362129,2.739096,3.062660630580089,2.7010489945910114,2.8983294710836147,2.73165399668548
2017-06-13,2.871075,2.9678770427255623,2.6979662844647723,2.5793655557243884,2.8309712,2.7343647,3.055992488051923,2.6961398596017334,2.893147428844683,2.726453545625632
2017-06-20,2.8512259,2.937078318964671,2.669973481363734,2.56185869446346,2.8028035,2.708065,3.024301432452696,2.6719492454269207,2.8657225337530985,2.6992982358324964
2017-06-27,2.868239,2.96336620573518,2.693870685638182,2.5770062559816966,2.824354,2.7288756,3.05136999684979,2.691856036405854,2.887102370905981,2.7206485062747876
2017-07-05,2.8828893,2.986070452700315,2.7112395112398104,2.5897503728806512,2.8410497,2.7449932,3.074748497237761,2.707287566447324,2.90393685560939,2.736936285159118
2017-07-12,2.918097,3.0405004799332667,2.7549977356078155,2.6194478436072495,2.8801062,2.78087,3.1293274627342966,2.744262835721534,2.942852945756541,2.7757264574685117
2017-07-19,2.9232965,3.04839647848376,2.7622632394242093,2.6240422771650564,2.885587,2.7857609,3.1369889771510167,2.7501858654096165,2.9481898560297717,2.781625940987777
2017-07-26,2.9234135,3.048555863550997,2.7624292002931248,2.6241201891036696,2.8856583,2.7858279,3.1371035019130793,2.750293558548657,2.9482617938574163,2.7817196019929686
2017-08-02,2.921169,3.045044990703106,2.7592478455443117,2.621919285588301,2.88274,2.783134,3.133490653076168,2.747541436111743,2.9453761558009144,2.77882380780272
2017-08-09,2.9175065,3.0393179767791842,2.7540583488770274,2.6183216779434617,2.878793,2.7792432,3.127961151220209,2.7432670034551436,2.9413562418214108,2.774656992738606
2017-08-16,2.8893878,2.9953790480357685,2.7142433724674997,2.594434646554695,2.840928,2.7444675,3.0826717908381394,2.710352867623554,2.9041704346285626,2.737916943552213
2017-08-23,2.906519,3.018978630426722,2.7355193148441175,2.6076413120712916,2.8598177,2.761827,3.1100297910998953,2.727768635403229,2.9231841166935544,2.7566275904048054
2017-08-30,2.9166796,3.032794262597725,2.748533532071051,2.616315509542742,2.8718302,2.7730615,3.126336012344397,2.7388182367987075,2.935191795191873,2.768433062939463
2017-09-07,2.954722,3.081792843526399,2.7985627614057735,2.6497301813956033,2.9220548,2.8198507,3.1875014289639307,2.782530243205197,2.98486131308273,2.8166435229135094
2017-09-14,2.9610748,3.091007253767273,2.807530192364888,2.655318701183141,2.928685,2.8268087,3.197099739580072,2.7895968605818706,2.9915068442138084,2.8236703386883613
2017-09-21,2.9724731,3.1087969363272294,2.823741098413005,2.6659319196550904,2.9432256,2.8400815,3.215501864595279,2.8039907101020014,3.005511130530852,2.8386986651274966
2017-09-28,3.023647,3.1890783553571516,2.896661249518637,2.714883952681222,3.0091476,2.9006793,3.298538826439447,2.8682497059359857,3.0692255096536143,2.905856160939298
2017-10-05,3.0234096,3.188702559521386,2.896319911641703,2.7146468460060533,3.0088348,2.9003403,3.298150131958797,2.8679077018354207,3.0689200805255017,2.905502512233691
2017-10-12,3.0370634,3.2103028570431587,2.915939606687542,2.7277564597020882,3.023332,2.9143777,3.319952953072835,2.885236893316,3.083014578201526,2.921938735340689
2017-10-19,3.0350444,3.2071016845931584,2.913031960290781,2.7257545081720833,3.0211964,2.9123049,3.3167234806203867,2.882731913696609,3.0809176258027327,2.9195588474338434
2017-10-26,3.0584354,3.244177382553529,2.946708065300949,2.747982657601686,3.0454633,2.936426,3.354031932840013,2.9101190180114074,3.1057944277013267,2.945912280898861
2017-11-02,3.0653222,3.255134969303152,2.9566609148044907,2.755159546669936,3.0554712,2.9456556,3.365333466207525,2.9192503165714228,3.1160040677625456,2.9556693075266343
2017-11-09,3.0706654,3.263645901663053,2.9639324866292496,2.7608925298000986,3.06346,2.9533145,3.374132525469125,2.9261961653352264,3.1241512260536752,2.963303810910448
2017-11-16,3.0913234,3.296580541676096,2.9909643425279255,2.78131200838157,3.0943744,2.98129,3.4081821262625196,2.952027008550722,3.155678174465558,2.992577108784453
2017-11-24,3.1400044,3.3744507174196676,3.0615301719028922,2.8309351858680514,3.1674683,3.0516596,3.4886884987848865,3.0180285564582006,3.2302200250071036,3.063247604576359
2017-12-01,3.1524713,3.394547518151275,3.0745886780209113,2.8425490183905837,3.183256,3.0655205,3.509465651407919,3.0313834775197814,3.246612738078004,3.0779017557995956
2017-12-08,3.1805186,3.439849181714917,3.106570572946557,2.8702244089444475,3.2252693,3.103515,3.556300945766923,3.0647751327694213,3.2898030138285086,3.1160560716852186
2017-12-15,3.1924534,3.459211078088312,3.1216113945363904,2.881754434567172,3.242749,3.1185944,3.576318314769775,3.079277529901301,3.3080512567661993,3.132452815508234
2017-12-22,3.2074897,3.4836501917699745,3.1431349066052294,2.897057154550815,3.2651892,3.1386504,3.601584783881793,3.09876182471513,3.33138327712111,3.154033745227755
2018-01-02,3.2763486,3.595831544576448,3.236260351979428,2.966390553129643,3.370316,3.2292287,3.717563895176487,3.18685140112002,3.438660156296312,3.2535865576537724
2018-01-09,3.3368535,3.695438889662161,3.325830233190685,3.026699304801736,3.4634778,3.315094,3.8205433215468756,3.2679135094876086,3.533913731046584,3.3436941223070074
2018-01-17,3.3794582,3.766213441699388,3.376640526675963,3.065103926739836,3.5287762,3.3776636,3.8937138569541108,3.318237168649889,3.6002164951818107,3.403237019309493
2018-01-24,3.3641815,3.740675826254258,3.3564563595739774,3.050523200794463,3.5048323,3.3547463,3.8673116976841886,3.2979699690111275,3.575782801933646,3.3800900822731754
2018-01-31,3.194362,3.496286909119405,3.1722003033252344,2.9053016855223195,3.3029232,3.1784418,3.5744864156223293,3.122480452265764,3.367309333269937,3.188116125701024
2018-02-07,3.217275,3.5112786501467528,3.186392811139549,2.914733840465674,3.3207195,3.1931226,3.6004053194913443,3.135841958303205,3.3825287030209688,3.204416971792842
2018-02-14,3.2269413,3.5163348238250083,3.1916992647087037,2.918714725614447,3.3302186,3.202171,3.6137457679803764,3.1417339200860344,3.3906009072479737,3.212392001368434
2018-02-22,3.1947203,3.4992634357296155,3.1718078005027306,2.901204727527519,3.298198,3.1739876,3.5705531893338813,3.1193930344287684,3.361935267410636,3.184807998003924
2018-03-01,3.2710967,3.5375482500047353,3.214681932173676,2.9426094653864863,3.3621328,3.230993,3.65360113259301,3.1678125130489962,3.4196329264080045,3.2410699020230855
2018-03-08,3.2818377,3.544173728518415,3.221820537107433,2.9496428241116193,3.374834,3.2425754,3.669857800886708,3.1764173581891697,3.431215265471098,3.2517452433614245
2018-03-15,3.1592288,3.434235415995437,3.119435073683677,2.8617248916325337,3.2532916,3.1303222,3.514940793974898,3.0734716183422965,3.308028070849121,3.1385438616416907
2018-03-22,3.1529977,3.4291440249986618,3.114951583816329,2.858048816391139,3.2488723,3.1262767,3.509382691671331,3.0692977081930657,3.303352960589293,3.1342260624623086
2018-03-29,3.1119,3.4017406672023562,3.090569011722297,2.8381291791482077,3.2163317,3.0944095,3.4691720714625998,3.0442460402741673,3.272238745594014,3.1048656748476264
2018-04-06,3.1769614,3.440584401598843,3.1253132720955286,2.86845368241243,3.2577238,3.1333897,3.5193684293200116,3.0794464165571633,3.313344268435631,3.143420125901057
2018-04-13,3.1944551,3.4509283092634044,3.135937789119685,2.878262340488829,3.2723794,3.146581,3.5367962817188836,3.09096166058393,3.3275037516178405,3.156569889558742
2018-04-20,3.193856,3.4505746822156804,3.1354767006106563,2.877809450749498,3.2717447,3.1459951,3.5360627456984552,3.090451715038024,3.3268760432239355,3.155999570696792
2018-04-27,3.187386,3.4454416148326743,3.1308133577966686,2.873128117440592,3.265469,3.1397767,3.5287193548188185,3.085296668878505,3.3204808122252794,3.1503260643353617
2018-05-04,3.269222,3.519244068837525,3.188724020281506,2.93354731036233,3.3393865,3.2098005,3.6156737677062614,3.1490158198559897,3.3969257952373306,3.2181105436994026
2018-05-11,3.2510087,3.4984246576478273,3.1703127474009714,2.9191784803272642,3.3183177,3.1902807,3.5906601086505376,3.131284025391783,3.375209416139777,3.198311225938416
2018-05-18,3.260834,3.5105345026114176,3.181018307058936,2.9278906158327795,3.327766,3.1984143,3.601910935359207,3.1409413401586055,3.3854311340766374,3.207848412122238
2018-05-25,3.2937844,3.556804645511107,3.2165784743444346,2.959462355000943,3.3602552,3.227736,3.6409033836637192,3.174109361313482,3.420749461120785,3.2402767707661315
2018-06-04,3.337638,3.6100593269139654,3.2621675957947804,2.993731933862992,3.4043152,3.2657664,3.6941184660486894,3.215099637201892,3.4671079888786873,3.283530679906074
2018-06-11,3.3285537,3.5976124213807315,3.2498947434374528,2.985599756729638,3.394371,3.256434,3.6820454388303894,3.205124443137071,3.4564080501471324,3.2733303674923255
2018-06-18,3.2616358,3.4975427677807254,3.1740345229399245,2.9192638702614557,3.3165152,3.1839647,3.5870350580178805,3.1320374912477797,3.373614496733244,3.1980180435064587
2018-06-25,3.271987,3.5111156574952,3.183542663738109,2.927891917220257,3.3266225,3.192654,3.5993754050410574,3.1414316801992688,3.3841146655805736,3.2077192892358015
2018-07-02,3.3567166,3.644357274465093,3.263845190827763,3.0044358402015865,3.4082687,3.2659297,3.699911094020189,3.2209038225653424,3.471610641847249,3.287052660707525
2018-07-10,3.375613,3.6730885045805297,3.2855529521012747,3.02044096113397,3.4309402,3.288151,3.7279869020617675,3.240824455869987,3.495339862420888,3.3088537607634354
2018-07-17,3.3893337,3.6921615733650297,3.2999525921779824,3.032613314938733,3.448456,3.3044398,3.7496843553367945,3.255402059958048,3.513425281346248,3.3251090956697906
2018-07-24,3.3859632,3.6873952645601684,3.2962357020728774,3.029309106819072,3.443884,3.3001971,3.7440428694715333,3.2515729558182844,3.508708824154241,3.320885011971092
2018-07-31,3.4371147,3.7662158057529043,3.3570436460656747,3.0763191912403522,3.502677,3.353921,3.8176558286456888,3.3067957515587403,3.571013353758149,3.378633022752819
2018-08-07,3.4168959,3.732920799077767,3.329268907827133,3.0567512918143036,3.4721148,3.324853,3.7838201834510214,3.2812813175884057,3.5394525446383343,3.349656896896683
2018-08-14,3.4462621,3.781044085743954,3.3680204300101875,3.0848098731760736,3.5115023,3.3585842,3.8325996441420984,3.316266958607723,3.580092514845308,3.3877906651865417
2018-08-21,3.48935,3.8519544831704837,3.4208344419151233,3.125705460414958,3.5619972,3.4048767,3.896896614615122,3.364040365608082,3.6337639028680515,3.437504449728404
2018-08-28,3.478639,3.8342179730274037,3.404985056816946,3.115468498437404,3.5469477,3.3914454,3.878831815289963,3.3505739309206515,3.6181335019937646,3.4226969981443007
2018-09-05,3.4797213,3.836007419305547,3.406464084644918,3.1165228205590245,3.5483532,3.392771,3.8806420830431896,3.351903820611431,3.6196320187005684,3.4240828332495514
2018-09-12,3.5049963,3.8778019163303883,3.439706337322586,3.143241669434622,3.5798025,3.4190557,3.9210717296520854,3.382270259859507,3.6529215632208114,3.4551464329616857
2018-09-19,3.5046616,3.8772464989116138,3.439107681007866,3.142872928682489,3.579091,3.4182732,3.9204599925163874,3.3816207687495323,3.6522292445634332,3.4544797048210967
2018-09-26,3.5269072,3.9141622542576227,3.4671255202287,3.165567166375599,3.6044433,3.44126,3.953737403965551,3.4067997799775687,3.6796048582595664,3.4798118480503595
2018-10-03,3.36466,3.6440692884149044,3.2591868789898903,2.991293942778579,3.4492252,3.2950559,3.7491730422423295,3.22902211236932,3.506748517464052,3.3166970816476375
2018-10-10,3.3906531,3.6709274938837693,3.282757101145696,3.0050146531812665,3.4753606,3.318848,3.783477323828992,3.2494504404863114,3.5317349834322758,3.3414335129013994
2018-10-17,3.2077308,3.5290002465977928,3.1542366519562397,2.912706042564451,3.2889962,3.1528583,3.5431950639309164,3.1191491019186635,3.3601689466908935,3.176846698991547
2018-10-24,3.271929,3.57093576680823,3.1935806739851396,2.942542338026635,3.335792,3.192078,3.6012910210311975,3.1572195704726123,3.403385701377899,3.220417047491812
2018-10-31,3.397423,3.643175207683686,3.2558995391929266,3.005551969282205,3.433899,3.2771244,3.7208919667472324,3.2301201328474973,3.4911342298061014,3.3057043215472937
2018-11-07,3.266731,3.5734724425885016,3.180695665443209,2.936680072923127,3.3248656,3.1813712,3.590607312692794,3.147381760737665,3.3876346114711935,3.209224033434602
2018-11-14,3.2041035,3.5341994051843995,3.145342845845617,2.8987037085147196,3.283409,3.1459286,3.5417813733406662,3.1091868946205605,3.345676764871396,3.1702239442331255
2018-11-21,3.3124309,3.602018362775459,3.208309671774563,2.962162254546895,3.3668625,3.2225096,3.6387603551341563,3.178634698870255,3.427059431918986,3.2460942786605433
2018-11-29,3.1865733,3.5148576098748983,3.1205640143978663,2.891911204459521,3.2512348,3.1181014,3.5045728160113483,3.0892070908187224,3.3173562107130175,3.141593164323976
2018-12-07,3.1490939,3.4928015961124035,3.100493077345935,2.8754608592560245,3.2301197,3.0974064,3.4803693828730715,3.0700760145948114,3.295160928497909,3.121324033411292
2018-12-14,2.927068,3.3525757307152007,2.9797903349600445,2.7548156294250967,3.0768533,2.9521232,3.3069725465612496,2.9391800409817437,3.1425047296465496,2.9804237701849976
2018-12-21,3.039189,3.4186621113506663,3.0311244521955754,2.810838097426782,3.1237645,2.9975495,3.3593456379520727,2.9905640036385788,3.1976582420897945,3.0276057867766197
2018-12-31,3.122489,3.4573406574327783,3.0702929410335975,2.8433120024187595,3.1684515,3.037287,3.408292394052773,3.029118831767771,3.2411862187574436,3.069623168128907
2019-01-08,3.1660247,3.4772729402634686,3.090828300523961,2.8608255798707996,3.1909668,3.0578108,3.4325305967249715,3.049236939430312,3.2641647176945088,3.091037410441873
2019-01-15,3.2032363,3.4946219793267224,3.1139576867216014,2.8809945486002775,3.215921,3.0811849,3.4591221672585553,3.071936900060418,3.290176349185082,3.1148854688153444
2019-01-23,3.253945,3.5190738181051926,3.1423519427101545,2.9124314809285194,3.2463768,3.1103606,3.4915207931812753,3.102088255210066,3.323387603505966,3.1442611052169016
2019-01-30,3.316695,3.5635759200223887,3.1835830969746373,2.953503267656945,3.293693,3.1531353,3.5422721557599908,3.1452667820204105,3.3722620842374744,3.188936831454085
2019-02-06,3.3440568,3.592243457273869,3.209285426484512,2.9750004220088684,3.3182738,3.175082,3.568984943714527,3.169161320064211,3.3983246553415323,3.21315380639093
2019-02-13,3.3736067,3.622465283326681,3.235344718542533,2.9984713677019683,3.341832,3.1968582,3.5949116701259314,3.193536775119458,3.4242265405731604,3.236768011564132
2019-02-21,3.3889284,3.639803995462293,3.2496699800599016,3.011819516575521,3.3564193,3.210302,3.611134004151515,3.2076345167282194,3.4397276789320492,3.250951795247041
2019-02-28,3.3442988,3.58129863547356,3.198399195980345,2.967679357061998,3.3198774,3.175583,3.5699437971870256,3.1640684851579133,3.397290929843595,3.2120683282917852
2019-03-07,3.4190876,3.6939148327296096,3.269405888993821,3.036065680318533,3.38522,3.2381291,3.6444971065605656,3.232422526853656,3.470247478265761,3.2774627419260445
2019-03-14,3.477753,3.7737151107315454,3.335301754593115,3.0863278010052038,3.4377599,3.2887356,3.7051782381221092,3.2883735398736893,3.528245102594842,3.331625695285963
2019-03-21,3.4286518,3.7003395463704454,3.287196001243076,3.0446761893364225,3.3944933,3.2482057,3.654708215711226,3.244045497458855,3.481191341355067,3.2882512018225696
2019-03-28,3.507678,3.7920380895899077,3.3598879374583874,3.1057638071630276,3.4637718,3.3152924,3.7357170177282444,3.311662379131063,3.5560243446107695,3.3565869185581128
2019-04-04,3.520259,3.805838691896964,3.373005648498399,3.1163382117007847,3.4768715,3.3272555,3.7511011855942162,3.3238843157023195,3.569711205284012,3.369332547809075
2019-04-11,3.5423646,3.83334255198914,3.3996115264970848,3.1372433177739962,3.4996097,3.3506,3.777920642615652,3.347229074903282,3.594664519488765,3.3923879241283563
2019-04-18,3.583773,3.8858013176895767,3.4439089992446963,3.1792070591860124,3.5532053,3.399715,3.8414620264641206,3.393721339511393,3.6493168344342664,3.4422559518734603
2019-04-26,3.5913458,3.8978622647662298,3.4531147250720267,3.186683752363206,3.5629814,3.4088664,3.853255966783642,3.40251569033036,3.65940429025525,3.4516283934835132
2019-05-03,3.5189161,3.7799451434834466,3.3752492565031655,3.1210304417040073,3.4726074,3.3284853,3.7427935322029655,3.325089163880195,3.568200241267266,3.3670003744306922
2019-05-10,3.4913104,3.7392769152109473,3.3562015345829486,3.09822560922139,3.445627,3.305505,3.709792004195837,3.3023450290560326,3.541623279301749,3.342764022981737
2019-05-17,3.4539351,3.7023362491408163,3.3320562184515796,3.0736066547303973,3.4148078,3.2758486,3.672654523140124,3.275939370557923,3.510036913844667,3.3144468667973586
2019-05-24,3.3536563,3.6098147950118515,3.2583205559887802,3.000792197617406,3.313595,3.182806,3.5525614295912553,3.1941922078692366,3.4102251951898106,3.223305683919969
2019-06-03,3.5295405,3.7618865814823015,3.382022207458533,3.132342832627966,3.4695783,3.328408,3.734396048844954,3.330880242746964,3.5683557537479764,3.3673204336517593
2019-06-10,3.5344267,3.765744311542639,3.3855479623123887,3.13558147946067,3.474437,3.333006,3.7400416956123066,3.3347368637592303,3.573137798113108,3.371684595720198
2019-06-17,3.604026,3.8342537224935493,3.456239152512312,3.195048420328922,3.5481794,3.400858,3.8254631604884404,3.4025337884047255,3.6499895719251634,3.442716084893474
2019-06-24,3.628818,3.859112994756531,3.480444235905006,3.216711696481491,3.5717492,3.4198122,3.852655648716237,3.425705974180804,3.6745466924688825,3.465884131223415
2019-07-01,3.647597,3.878464508064989,3.4954630074779307,3.232635654070899,3.5923905,3.4395294,3.8764663192343605,3.442830621062241,3.6954848840834513,3.4845734231998526
2019-07-09,3.6793857,3.9244101550549995,3.527512693621231,3.2618811100578395,3.6293554,3.474194,3.919374860026553,3.475486801546647,3.7335672687645856,3.519336815677595
2019-07-16,3.6824539,3.929116055356927,3.531141981059966,3.26487324941803,3.6330001,3.4776907,3.923630958741218,3.478899112394188,3.7373968374279727,3.522879156191915
2019-07-23,3.6909227,3.9426388023813908,3.540864659078154,3.272787621207784,3.6446342,3.4874718,3.9370186036734216,3.488621291149986,3.7489119753724727,3.5337061901376874
2019-07-30,3.532348,3.6885547832662895,3.356940114139242,3.119083880341618,3.444225,3.3125422,3.699129089197172,3.310058426973345,3.5451923900124127,3.342911775245436
2019-08-06,3.5906472,3.740151724519946,3.398403195277769,3.148553487766926,3.4841614,3.3494885,3.7460701370826115,3.3466716989139798,3.5871488705117205,3.38199280875916
2019-08-13,3.5604544,3.7175236014644994,3.3789710348038864,3.132739535719363,3.4605427,3.3261223,3.718761455143248,3.327307348650041,3.5633144751155914,3.360188514819423
2019-08-20,3.5209332,3.693288887292266,3.3516457237453845,3.1127938645532733,3.4232173,3.2920196,3.6765703933751537,3.2999695069629307,3.5283694721292105,3.326853787508699
2019-08-27,3.6089358,3.7425520925551328,3.4050963188220407,3.1589752558007422,3.4823704,3.3437133,3.741698487913615,3.352751846109917,3.5880803634284346,3.3830118011979886
2019-09-04,3.6851542,3.7842514310203166,3.4541460917292803,3.2055883639489857,3.5444946,3.4003818,3.809249469788849,3.40503327229632,3.650107495457347,3.4400929940522786
2019-09-11,3.6955855,3.790910913299013,3.461910758095442,3.2130888824876003,3.556347,3.4112368,3.8220398004413036,3.413886488957296,3.6615113475341206,3.4504622145791104
2019-09-18,3.669744,3.767921425113642,3.439821915081224,3.1900107981131165,3.5274546,3.38491,3.7909049865944726,3.389342281808261,3.632306446756663,3.4241053129251204
2019-09-25,3.5518653,3.622260165095141,3.340818044893326,3.084210445332686,3.4212668,3.2911153,3.6755722595556257,3.285536004772663,3.5196298780157154,3.321787073927945
2019-10-02,3.5914454,3.6665682452306383,3.372730685926336,3.11041013758112,3.4541185,3.319832,3.711679491179975,3.3157732426980275,3.5534647678783147,3.353521855127264
2019-10-09,3.6793613,3.7542644339204942,3.4439073931489896,3.1650185930624253,3.5283747,3.3837852,3.793270885156113,3.3820006426726783,3.628675273614496,3.424848568021292
2019-10-16,3.697609,3.7712946555183895,3.460958180793234,3.1779007209464587,3.5480602,3.4023337,3.8147575460542558,3.398322894707776,3.6485488043550456,3.443247887605638
2019-10-23,3.7501364,3.819403274652841,3.5158426122701067,3.221488459738619,3.5986109,3.4482136,3.869661039978145,3.4479235346396666,3.7023781108484646,3.4935245034454416
2019-10-30,3.786634,3.853795741640362,3.5516048782954655,3.254525593963495,3.6407912,3.4879942,3.915458395651,3.4848233877735617,3.745801858815395,3.533011991806164
2019-11-06,3.8112946,3.884103498976048,3.580220850322519,3.277054366619526,3.666073,3.5106704,3.9432102969402667,3.510286929373135,3.772511767059372,3.5584299220835147
2019-11-13,3.8318875,3.915362931347654,3.604486603079943,3.2968488658687938,3.6866174,3.528728,3.966106741841925,3.5317922444314993,3.7944465370110434,3.57930258571206
2019-11-20,3.889961,4.004370771537842,3.6734046670691707,3.351972900230538,3.7358148,3.5735214,4.021857723463279,3.5890782677476007,3.849080562993142,3.631519946994148
2019-11-27,3.8472984,3.9384946246218844,3.612798188711204,3.312642181016552,3.6779141,3.5227172,3.955234958890135,3.5366127321590444,3.790881579110763,3.5745555826641464
2019-12-05,3.910307,4.035247662852022,3.6853439572185263,3.367742271683498,3.7311516,3.5727234,4.0173834177816286,3.5964145863746024,3.8509192508263266,3.630516577849129
2019-12-12,3.9567919,4.107202920643588,3.7383498138478815,3.407238383207247,3.7820168,3.6165993,4.077280375747927,3.643902156951024,3.9031872896343716,3.6803088373117885
2019-12-19,4.0005307,4.175305426976288,3.7943487349130818,3.447008374958243,3.8381162,3.6656315,4.144004907403137,3.693966055652416,3.9598228453119315,3.7345020376577325
2019-12-27,4.010195,4.190434585921177,3.8069192666240195,3.4561008445422803,3.8505268,3.6764042,4.158879017852012,3.7052202080399055,3.972420735150734,3.746552513626181
2020-01-06,4.063601,4.274144289044885,3.8601310957464774,3.501943058991467,3.9105155,3.7293468,4.231345993669985,3.7579904485706117,4.033333745582923,3.8031671965301084
2020-01-13,4.1051106,4.339635147145821,3.9092957945052356,3.5376838345432877,3.9697866,3.777606,4.296021144843742,3.8050979878549374,4.090520248096482,3.857756751779493
2020-01-21,4.050465,4.252984144645118,3.840696927067944,3.488591226502528,3.8989165,3.713902,4.210240998277789,3.7430557273251597,4.0187942002030566,3.7898601945514634
2020-01-28,4.077355,4.286059668298161,3.861971732500604,3.5074234880118373,3.9246995,3.733872,4.24147825061338,3.7648661898948528,4.043660431370903,3.8137618779503826
2020-02-04,4.154178,4.362930831510988,3.9186385234192316,3.5551717806303875,4.005635,3.8002074,4.33881124329082,3.825255510039896,4.1187976520674034,3.885512969567018
2020-02-11,4.1923437,4.400150896492381,3.9515073215049936,3.58322994489826,4.0520525,3.839679,4.39411417703859,3.8602725973428016,4.162694531721002,3.9267781351685263
2020-02-19,3.8597696,4.069281180333015,3.638280481177428,3.300483617774794,3.624741,3.4719706,3.8923576571854994,3.524240037307977,3.749030985464684,3.54263006902465
2020-02-26,3.8766205,4.079602504929837,3.6460201458705295,3.307563589842087,3.6334562,3.4798908,3.9023240715614294,3.5320734391593342,3.757662128647388,3.550883214408769
2020-03-04,3.3995717,3.8945966070397304,3.479971812526551,3.1794907162523347,3.4232724,3.2849073,3.6676556906100655,3.367040167602811,3.570794134201124,3.3592060237836514
2020-03-11,2.9738202,3.7776255649417094,3.366775868482007,3.093972376775401,3.2983599,3.168752,3.534131549755655,3.2602280425519825,3.4609372132200864,3.2411646584143905
2020-03-18,3.0759356,3.7967314598409256,3.3852298642231253,3.1092787218155045,3.3209286,3.189024,3.556894902560045,3.2788231799899163,3.4775354268255,3.2620035610237914
2020-03-25,3.0679595,3.7953708987626373,3.383499617872243,3.1078043684956214,3.3187659,3.1869597,3.554818366696113,3.2770512282440754,3.475815294332303,3.2600159909519255
2020-04-01,3.415449,3.8533043869745853,3.45921057652717,3.1871967698477617,3.4227314,3.280157,3.6517325413443653,3.362786067000742,3.5562959777014456,3.3540033344539157
2020-04-08,3.478641,3.8632392993571427,3.4731171918495587,3.202510543106035,3.4414437,3.2973948,3.6686821620293935,3.378680802421047,3.5723024940257826,3.371038619544852
2020-04-16,3.4783921,3.8631358278717554,3.472979429750521,3.202356797433689,3.441289,3.2972264,3.6685433449320866,3.3785315986535767,3.572131670664429,3.370890629046995
2020-04-23,3.620479,3.8982293696583303,3.5215942337621065,3.2573066339023513,3.4947622,3.345317,3.7168807332523763,3.430939202927592,3.6259526960643296,3.4222694254142225
2020-04-30,3.5855794,3.8867706922535565,3.5080140031503046,3.241350583353733,3.4803076,3.3320081,3.7037425984860852,3.416271626576269,3.610543741490548,3.4082400015686334
2020-05-07,3.5518022,3.87156027777124,3.493649965735322,3.2229708191724673,3.4669955,3.3192413,3.6914896124057575,3.4010404307128588,3.594602201562773,3.3948106509527287
2020-05-14,3.6753192,3.931899422540836,3.5441572731084676,3.289306109929929,3.5161958,3.3669302,3.7373288088538503,3.456013289467604,3.6524181996453353,3.4439064344539907
2020-05-21,3.7929773,3.994044451432612,3.6039899773882005,3.3504121957299975,3.5702121,3.4212396,3.788107283280914,3.5143868620204395,3.716390400047559,3.498344340655729
2020-05-29,3.9801834,4.096559215674025,3.692082709263907,3.4698914423800544,3.6529195,3.5034404,3.8664440371067577,3.6101080187985426,3.8171701118684638,3.581780420345383
2020-06-05,3.7916048,3.9875199988189056,3.600678244100022,3.3685237419196095,3.5557148,3.4081795,3.7733965342906326,3.513406134973431,3.7103977100959793,3.4876461902039515
2020-06-12,3.8637495,4.019517292326959,3.6286312996485828,3.392230100509037,3.5800273,3.4315443,3.796856454377841,3.5387123800894082,3.7380472686363064,3.512206859229158
2020-06-19,3.7562122,3.9684190768020717,3.5843507130111107,3.3405322422738895,3.5358217,3.3881032,3.754140449848124,3.4920232124146895,3.687749617174834,3.4685896789492574
2020-06-26,3.9690304,4.065431511547161,3.692034513020559,3.4385722674752763,3.6386123,3.4909005,3.853475344864699,3.5949958478138595,3.803002667442794,3.5702064978832087
2020-07-06,3.941365,4.0535444221259285,3.6788945537483912,3.4235799196043004,3.62442,3.476428,3.8398893814037067,3.5808902667269926,3.78728876717689,3.556508531650776
2020-07-13,4.060041,4.106583089500955,3.733592255370128,3.500142570974862,3.6868935,3.536552,3.8998529683875955,3.6449804774536627,3.855551131769259,3.616445595985185
2020-07-20,4.0462694,4.0971488409437455,3.725041678135796,3.4901662446948367,3.6764958,3.5270867,3.889705936680778,3.6353537180012343,3.8449348411359767,3.6067041450950668
2020-07-27,4.1159983,4.1485637450366175,3.77483468041913,3.542369204409506,3.7337096,3.5772748,3.9460698426660525,3.6884249308096053,3.903046143615963,3.6608771658834733
2020-08-03,4.200875,4.225141025595066,3.832009586962858,3.606558744395414,3.8023593,3.64266,4.014596721578005,3.7516954353184926,3.9742499453434705,3.725306049953458
2020-08-10,4.2301674,4.255100746222642,3.856070716408215,3.6313116293381933,3.8245766,3.6622136,4.037100701923447,3.7754107092405254,3.9992171083548707,3.7476212720654436
2020-08-17,4.2928877,4.32433442274232,3.9115595217754433,3.683079677268508,3.8811655,3.71321,4.095096527764712,3.8300852665238314,4.059467169619817,3.8026482386014435
2020-08-24,4.3728805,4.417772499879737,3.976247012125004,3.7491092452860166,3.9383605,3.7680817,4.154232009781067,3.892703027591844,4.126555046643586,3.8605940711079487
2020-08-31,4.17133,4.163673926818676,3.775953235520984,3.579282457695363,3.8032894,3.64493,4.013209461688758,3.7262267043603616,3.9520657819264775,3.714810447656791
2020-09-08,4.25846,4.219899555714723,3.817680454258811,3.615589637744527,3.8444195,3.6857111,4.056105893940151,3.7659669893956367,3.996997677312968,3.755083297580038
2020-09-15,4.1514525,4.156911753842549,3.7606460188728468,3.5607556346566893,3.777959,3.6263673,3.9876767712000514,3.7066020184854658,3.9308763221482743,3.692568465444025
2020-09-22,4.1774707,4.171522478346907,3.773735902665622,3.576374128902471,3.791344,3.6393933,4.001307897683456,3.7206674784486995,3.9460880935755065,3.7057164634222954
2020-09-29,4.209647,4.187805935822731,3.791251324820586,3.5942393596752735,3.811065,3.657139,4.021174331513743,3.7390735827239747,3.966288442722133,3.7244812352833168
2020-10-06,4.4006915,4.294365193388053,3.883094076305115,3.70141467767434,3.9118795,3.7543397,4.122567886413643,3.8390410674555437,4.075564478935438,3.821552792684036
2020-10-13,4.315853,4.242612044846844,3.8298727356031623,3.6523427974920657,3.8483388,3.695636,4.058496529821562,3.7839683662171604,4.012703442369582,3.7622618212304233
2020-10-20,4.2509975,4.201945548975948,3.7921980227503593,3.6088246442399945,3.8047838,3.6542678,4.014501457458632,3.742442907488582,3.966900440066619,3.7209129658377895
2020-10-27,4.223472,4.1824047182956665,3.7728124790095907,3.5903730778993093,3.7885036,3.639196,3.9979553865495387,3.7244612752891757,3.9473705336656666,3.70427355627541
2020-11-03,4.4498353,4.3109570066825755,3.873271916268448,3.697575267207174,3.9008806,3.732384,4.111974369801229,3.831271282149875,4.053057305745237,3.8104163848410444
2020-11-10,4.5325375,4.356639018864094,3.908093899909179,3.741014700770657,3.94181,3.7682416,4.153152145974454,3.870926055557499,4.094108531867683,3.8489482190350723
2020-11-17,4.565216,4.374129480991036,3.92428970759966,3.760108730243692,3.9628897,3.7868097,4.174178126689106,3.8896457560594935,4.11429698227933,3.8681497481438565
2020-11-24,4.610087,4.397482908267334,3.947387720668471,3.7864667090237543,3.993426,3.8121057,4.204429041397086,3.916192920803098,4.142676031104377,3.895691695944953
2020-12-02,4.610842,4.397850761437626,3.947757162757852,3.786888974083009,3.9939237,3.8125134,4.20492004190663,3.9166204355802865,4.143133105704734,3.896137795867269
2020-12-09,4.65257,4.4340564408041105,3.9762287454864382,3.817876530717487,4.025014,3.8424678,4.236511647326964,3.9468573393899806,4.1760192685617765,3.926031136561065
2020-12-16,4.639583,4.42134960433342,3.965485776106895,3.808357161435354,4.015061,3.8332844,4.226265227287652,3.9367818140657405,4.165302487109039,3.916127112513639
2020-12-23,4.7192307,4.511943101607295,4.014183805485276,3.8746025607379875,4.0614605,3.8831944,4.274652636777477,3.9900503348405616,4.222001013323561,3.9633805069340333
2020-12-31,4.8123837,4.633068225129009,4.084897846372364,3.9515223686426975,4.1320662,3.9534388,4.349318673684406,4.062873359355042,4.3005740346449075,4.033142326783632
2021-01-08,4.742203,4.5570009597166905,4.044309111156666,3.9051366001721544,4.081578,3.9019554,4.295512199920267,4.01715493725389,4.248303533460219,3.9862136333022526
2021-01-15,4.85189,4.6748704403146695,4.115012104140599,3.988248075274804,4.146634,3.9728367,4.365394782557685,4.08995003099936,4.327734111387553,4.052729085040398
2021-01-25,4.7488933,4.565820724787251,4.046298568661879,3.9107589608442406,4.082731,3.907463,4.296141533723973,4.020016211233895,4.252845231887388,3.988022886453453
2021-02-01,4.9291396,4.693182404676734,4.143092595957554,3.9958972060885545,4.184416,3.995559,4.4064301042784395,4.114476623219359,4.352035896594032,4.085127578849074
2021-02-08,4.9517326,4.7087055549870485,4.158415580579007,4.0092162364196176,4.2034025,4.0132213,4.427007762865954,4.130210390647947,4.370183374230633,4.10245403341137
2021-02-16,4.8911467,4.664458283820811,4.112949253432427,3.962522893615347,4.1501765,3.966836,4.369378583587021,4.081775217481253,4.318127526808488,4.052820547143401
2021-02-23,4.8790283,4.65501767611122,4.106005364958114,3.952670905515142,4.141765,3.9593577,4.360316675947322,4.073473790618042,4.3095532261078775,4.044920084583599
2021-03-02,4.886981,4.660228078319606,4.110634730674481,3.9562176155748765,4.1472163,3.9641716,4.366213249383657,4.078003892447324,4.314638264252938,4.049952652760744
2021-03-09,4.9972982,4.735634592584123,4.162848900078074,4.0116680495817,4.2109637,4.016553,4.434717163638482,4.1350594040807875,4.374329429362777,4.108570288599542
2021-03-16,4.9324913,4.692535746367775,4.1214738562426065,3.968518940999093,4.16265,3.9733734,4.383353034953315,4.090796192813602,4.325953645484092,4.063379224722749
2021-03-23,4.998724,4.734249652765063,4.1592400729230405,4.012585528624513,4.2057753,4.0128584,4.428791513551814,4.132430830685593,4.370655381875829,4.104280304654364
2021-03-30,5.1489134,4.837547211506935,4.2529210597055656,4.115068734452763,4.3237925,4.118245,4.553228291722417,4.23686801632099,4.486226719031118,4.212480749790839
2021-04-07,5.2104597,4.891798523798881,4.307624407149815,4.157274890173753,4.3691406,4.1558065,4.601294201431671,4.284102027882615,4.534320931958617,4.258551162176385
2021-04-14,5.2689676,4.949256429134221,4.362314192645663,4.202766439023503,4.416697,4.1991954,4.651959649623858,4.333274613027605,4.585991519857551,4.306573887833802
2021-04-21,5.285808,4.9656399954014665,4.377238948203966,4.2144912132738375,4.430317,4.2116385,4.666561286121926,4.346654488451523,4.60045999560642,4.320093465384136
2021-04-28,5.2649126,4.942775959404854,4.355760410888737,4.198634121781131,4.4139657,4.1968665,4.648947927863776,4.32891980142083,4.582292656545302,4.303077091505089
2021-05-05,5.133971,4.780321832280557,4.242149423511478,4.095258375684925,4.3061204,4.0953307,4.532033516191311,4.220603941646561,4.465770503476588,4.196340123263406
2021-05-12,5.202988,4.8408406746323225,4.286219801227833,4.131136254099725,4.346839,4.1337276,4.57635608275428,4.260751104749698,4.509589451603108,4.236762218452106
2021-05-19,5.3069553,4.924087546767102,4.350512550400701,4.194251613224442,4.4209228,4.198635,4.656681854318168,4.327863208093006,4.582244252955151,4.306033821621809
2021-05-26,5.303157,4.920905060675748,4.347169501249407,4.191494275488901,4.417924,4.1961384,4.653439309735094,4.324831484132509,4.579099891662616,4.303047109472799
2021-06-03,5.3644485,4.972859769786066,4.392120840336723,4.241038603557502,4.464404,4.2355847,4.70353150586688,4.37193116154805,4.627539616694315,4.34811353357236
2021-06-10,5.343681,4.9543006889015135,4.375367462462336,4.2241675875966544,4.445938,4.2203326,4.683605790954279,4.354555158332359,4.609039447557184,4.330658179901612
2021-06-17,5.40093,5.033383715239282,4.426231878556679,4.272052295697947,4.49507,4.264312,4.737602566856365,4.403929474584303,4.661128297967546,4.379039335969703
2021-06-24,5.4686484,5.122387623904518,4.487140548684767,4.318949097938292,4.558699,4.3239574,4.808259322473949,4.4607311766550275,4.726271590150081,4.439771734964727
2021-07-01,5.533317,5.205583411780932,4.565930919069636,4.369842303767053,4.618772,4.379708,4.875628380601664,4.523051389241713,4.791900580162248,4.5020961174091285
2021-07-09,5.4802103,5.143546349597591,4.523838702355114,4.332845472257776,4.5791335,4.342329,4.830933933143045,4.483486552448255,4.748990780417355,4.462824312982346
2021-07-16,5.5894732,5.265750153233029,4.6220613982502945,4.414886816592592,4.673063,4.426816,4.936989229109727,4.574745261181521,4.847345941541934,4.554976988787738
2021-07-23,5.5713058,5.246802423392462,4.608866338231063,4.40341368935793,4.65848,4.4141307,4.920490006926203,4.561708688948589,4.832815626821858,4.541270117283165
2021-07-30,5.621871,5.298878757818923,4.649359447417239,4.441208976334745,4.699329,4.452518,4.966642906759924,4.601448846681595,4.876241901068356,4.581045654113779
2021-08-06,5.6654496,5.343118136409475,4.691317129458097,4.474766294458038,4.7411304,4.4936543,5.013897465972884,4.6403971442172285,4.92054497835279,4.621684859822917
2021-08-13,5.632924,5.306692954237582,4.652329983800908,4.447381779175449,4.710634,4.4661345,4.9793199774522305,4.608440132658043,4.887490784393559,4.590262761227374
2021-08-20,5.7204633,5.4288784676558945,4.731742825930591,4.510962327482098,4.7812834,4.533846,5.060498504033848,4.679461464400197,4.964844985383999,4.661187000742489
2021-08-27,5.756418,5.476944372626176,4.769117738354342,4.536784918453639,4.8154464,4.5675907,5.1000792233091765,4.711575945613098,5.00136788897567,4.695009826488277
2021-09-03,5.6738358,5.3589870303855625,4.673767726750885,4.469046495647783,4.73545,4.492416,5.006704355068733,4.631228061141867,4.914756633098578,4.613903778678109
2021-09-13,5.5321803,5.161711097768887,4.555544654202472,4.356518827211358,4.6136947,4.371234,4.863922988544048,4.5136297750920145,4.783428003942615,4.495545466885089
2021-09-20,5.641794,5.283960049263801,4.62434393943631,4.421120347602642,4.6847534,4.431068,4.947568354004128,4.581826685993181,4.854289875683598,4.563844724813116
2021-09-27,5.463353,5.094496127347084,4.482276665629094,4.301417174830336,4.520236,4.2787504,4.753661992787873,4.44071545881909,4.691727632762762,4.410982949986613
2021-10-04,5.540465,5.155697284980532,4.528824138799914,4.342861986983897,4.56214,4.311709,4.802350201381227,4.484031026828587,4.734879349984434,4.452659025635882
2021-10-11,5.6997867,5.2752469528049755,4.626629847531458,4.445656270819573,4.682393,4.423301,4.940438511298653,4.590727050804747,4.85472624294163,4.5637075880291915
2021-10-18,5.8063416,5.351057638877705,4.697885244750138,4.5137586884076475,4.7733684,4.5028014,5.044257790971168,4.666988292955703,4.942940985051344,4.646087228593889
2021-10-25,5.86357,5.397448036098566,4.743837352786665,4.555894243230184,4.8190074,4.5386634,5.096155130197086,4.711630461113537,4.989169559684016,4.69032014932979
2021-11-01,5.976881,5.506005043320036,4.838879140805632,4.643281581500116,4.9255877,4.632,5.217916748948488,4.8077822035097375,5.096202818790474,4.790749634710054
2021-11-08,5.957762,5.482736182607947,4.819510463180505,4.627974499271225,4.908128,4.617642,5.197803160425267,4.79048196318288,5.078314698566079,4.773422880019992
2021-11-15,5.9595466,5.484985772334815,4.82120430014026,4.6293373317123985,4.909499,4.618985,5.19940564406945,4.791953463366584,5.079885941176859,4.774837361494247
2021-11-22,5.8064685,5.2736530735407525,4.6878377430791,4.5039175321271365,4.79618,4.5171885,5.066358393641708,4.668057413919454,4.953454019526489,4.658803005446427
2021-11-30,5.968595,5.416542317086605,4.788793515521391,4.58178081422718,4.892054,4.6070023,5.178978717008127,4.759204257700545,5.054247893980796,4.7527918865690415
2021-12-07,5.9058847,5.3735915838687145,4.7595505572707655,4.552987897748645,4.850539,4.57265,5.130678649376958,4.7265163226204505,5.017196560236578,4.7162667259489055
2021-12-14,5.9227977,5.384673991199741,4.7692569146504145,4.562895088943932,4.863495,4.5847745,5.145544993343468,4.7372924438763455,5.029656806602228,4.727946105177348
2021-12-21,6.107237,5.49002803948234,4.861376281989694,4.656836698331972,4.978781,4.69216,5.275861105121948,4.837364687353967,5.144148212893926,4.833851346887028
2021-12-29,5.990844,5.422127634053713,4.776804796042346,4.584617481496174,4.872041,4.601849,5.1562471439208855,4.750529142963582,5.043101647811653,4.737136221188941
2022-01-05,6.0246096,5.443973679230114,4.799199257140118,4.603478648971808,4.891841,4.6191826,5.1783656734179715,4.77087123811936,5.064423222466624,4.757058919922554
2022-01-12,5.7141833,5.212786859290707,4.603432153618809,4.389029725493622,4.6708813,4.417254,4.933357806963372,4.560446339868967,4.833294082034385,4.547010588676156
2022-01-20,5.515802,5.070581150513155,4.5037359500646055,4.278326036354857,4.5606484,4.331739,4.811424512205886,4.453514362141471,4.726478433550621,4.441660350877974
2022-01-27,5.7122645,5.21859589481214,4.57654525109153,4.3981431846320085,4.6425543,4.4090443,4.901080495174786,4.5431040715316025,4.817468786009971,4.521492504005987
2022-02-03,5.747055,5.237567617855656,4.590477988537209,4.412910331735563,4.66128,4.4248247,4.921324425820949,4.558922050258198,4.834696844851263,4.538378215556236
2022-02-10,5.590243,5.154145984915421,4.529785037591863,4.337805392900004,4.585643,4.3551245,4.840418824326478,4.488758098481522,4.75818044103079,4.46804735674408
2022-02-17,5.5990667,5.158547056512992,4.533359867477039,4.3418075021454445,4.589887,4.3589354,4.844923038849815,4.49270579809501,4.762379796196506,4.472035781540977
2022-02-25,5.527695,5.124163481759224,4.504350825769434,4.311223681525163,4.551504,4.3273125,4.804262242249564,4.460273569875735,4.728008743895613,4.437327050630587
2022-03-04,5.37293,5.0463301141616865,4.435740109927683,4.230354733274285,4.4852586,4.258575,4.734571804573188,4.388628678559263,4.650106081913161,4.371058927258073
2022-03-11,5.703322,5.196660359789415,4.575052102681193,4.377518388420442,4.640593,4.402164,4.896437344970939,4.5359908998100344,4.807626812574735,4.51900528604664
2022-03-18,5.808146,5.2426115620328755,4.622605725398339,4.424146799933734,4.696697,4.4585495,4.954605236823638,4.585980033128459,4.865283409173973,4.571369584409091
2022-03-25,5.811096,5.243922767790281,4.624075529544914,4.425601920209586,4.698465,4.460148,4.9564309486411515,4.5875399853761145,4.867028730008216,4.573009253532691
2022-04-01,5.7424545,5.21018615579993,4.5859156388183475,4.38612025232008,4.6511273,4.419943,4.907779636472418,4.546012800949332,4.821156466881025,4.5294121964416165
2022-04-08,5.619283,5.136134111358715,4.51386725868932,4.307087374886943,4.5706415,4.347417,4.824656651188087,4.468830839904743,4.738070305090026,4.452687796824621
2022-04-18,5.497909,5.053642370607899,4.4367706700489205,4.233493794885514,4.494772,4.2766805,4.745835300763614,4.393251916138884,4.656708575663246,4.378191556409718
2022-04-25,5.317899,4.946312064103333,4.345423645104817,4.1509918175301594,4.4035244,4.198195,4.651206210345448,4.304858470176004,4.564011131583769,4.289313647471125
2022-05-02,5.108638,4.852695021405474,4.255254654003822,4.078939114171015,4.33636,4.122314,4.582328189918982,4.228903344046415,4.47648135567536,4.218315744484606
2022-05-09,5.133271,4.861773952529116,4.264972605076663,4.08643945454424,4.343469,4.1295514,4.589493632232733,4.236948329165742,4.485375447102796,4.2258494890122185
2022-05-16,5.0926003,4.847003381898,4.248516830108235,4.0689166907804,4.3254704,4.1141,4.571626949190642,4.219602121675571,4.467361888522813,4.208609615443116
2022-05-23,5.298013,4.9149176900953435,4.324458458260433,4.149368592733079,4.4068537,4.1907825,4.650983001238565,4.2989506632981325,4.552733423951079,4.287058322191927
2022-05-31,5.334066,4.927224711139264,4.339289144934573,4.164922922681941,4.4249554,4.2080092,4.6685795987062875,4.315078310370293,4.570703478675539,4.30384394286747
2022-06-07,4.796861,4.706613983259818,4.117774412446248,3.890806143547786,4.1648498,3.9644914,4.416383553170681,4.0638013194496505,4.29976865329489,4.057594612224813
2022-06-14,4.824283,4.717180362382938,4.129098818892302,3.9001745934756435,4.171379,3.9711542,4.422769459361238,4.072684898817329,4.309158728385189,4.065063676580919
2022-06-22,4.9009533,4.748232615636516,4.157770060602485,3.9304347656313054,4.2039666,3.9998913,4.454539009103537,4.103220764329511,4.341316925019,4.095920405092654
2022-06-29,5.0124145,4.791122337995676,4.212909272895473,3.9792577805712437,4.2555513,4.0497675,4.5044570523147085,4.155100048119948,4.397784487452755,4.147153005066038
2022-07-07,4.8696404,4.733515411824154,4.151267141995534,3.9005513036502917,4.1919384,3.9867034,4.443450935963607,4.087443973256553,4.325880671167269,4.084455602489941
2022-07-14,5.1386952,4.856928622790504,4.26068633638221,4.083144594430669,4.29855,4.0964904,4.5463919318454185,4.216431021567397,4.458019413866227,4.193060393578662
2022-07-21,5.2325034,4.906082992502372,4.305279044719654,4.130544273279814,4.3493366,4.14231,4.595772142101835,4.264091166471083,4.509570105757383,4.241142167531454
2022-07-28,5.3368764,4.965464026700898,4.354943491276932,4.178986306268957,4.403813,4.188097,4.6491236672926695,4.314930191782486,4.5636105666764095,4.29298099922258
2022-08-04,5.4118714,5.008489403108613,4.400275765210834,4.221255192359442,4.455487,4.232424,4.70009630122044,4.361229718735533,4.614035790950242,4.341482027013546
2022-08-11,5.5136695,5.066522806854703,4.4508874876151285,4.280163422054171,4.5166554,4.2897463,4.760794672481441,4.417996705376661,4.677066779086068,4.398694325010406
2022-08-18,5.4056864,4.996112107879542,4.380898066259195,4.208408920727683,4.436747,4.214609,4.681095677969112,4.34418137474236,4.594754764100432,4.323251470433573
2022-08-25,5.1081543,4.81710899344599,4.200746501676598,4.042361729947836,4.2425995,4.022463,4.4866961670498,4.164297784096461,4.390881341885281,4.13786141775973
2022-09-01,5.2393327,4.893266355625273,4.2725133945163325,4.111733018552128,4.3051267,4.078502,4.549208758885242,4.23212863228379,4.460579346880752,4.201534974625547
2022-09-09,4.988626,4.758121912392092,4.1350560974163075,3.9802480799923594,4.1482134,3.940619,4.393329315297305,4.0904705183622685,4.3062189582736385,4.054068190228823
2022-09-16,4.760775,4.65254326571838,4.026178303377206,3.882559528333165,4.0582614,3.8552334,4.304903331798858,3.991858675484213,4.202251016365158,3.961379816424038
2022-09-23,4.621427,4.587451811976836,3.9605484564183153,3.8140706629360417,3.994131,3.7975733,4.242388201134599,3.9257499901768265,4.133896448882027,3.897959267572507
2022-09-30,4.694013,4.623142642413321,3.9927320567670894,3.847986500834356,4.0195436,3.82281,4.26711067810538,3.956051348228271,4.165637706176777,3.9247607534558995
2022-10-07,4.6272483,4.595462466377055,3.9677426279921524,3.8226527131001387,3.990934,3.7976599,4.2395596027442375,3.9298191616531684,4.138104798371869,3.8978407093533853
2022-10-14,4.8428073,4.6928920576219735,4.050257271501476,3.9099956014482498,4.057984,3.8578222,4.303926229027956,4.008383139966352,4.2169997021653165,3.9679114389328136
2022-10-21,5.0333934,4.7719746111383605,4.120526075916919,3.9903580422007328,4.144747,3.93416,4.386681457982849,4.087272282991311,4.299792697272736,4.048414732600686
2022-10-28,4.869461,4.706329269308899,4.048931308403811,3.917506671136922,4.059389,3.8625135,4.305098356305528,4.010864747517257,4.2189696394973275,3.968972832209474
2022-11-04,5.156182,4.835606430339121,4.153856279519529,4.046408974878961,4.176205,3.973153,4.4168814622710695,4.127418115655953,4.342083781520657,4.081167137999747
2022-11-11,5.1240935,4.823794045224619,4.141649479955498,4.0372483948803275,4.161022,3.9589365,4.402292504338968,4.115554125256292,4.328050712560935,4.067506165710842
2022-11-18,5.12254,4.823099300075192,4.14093383905856,4.036329239901203,4.160298,3.9582603,4.401596955164603,4.114771016618495,4.32727065430045,4.066808582713582
2022-11-28,5.170154,4.843873584421967,4.164189849104513,4.061421676511656,4.1882496,3.982215,4.428284091369206,4.1401469253616385,4.3541165322818784,4.092622882558734
2022-12-05,5.161875,4.840274384024213,4.160445442238452,4.057616294733651,4.1835938,3.9781828,4.4238494642484625,4.136096619749663,4.349684210587209,4.08837802922126
2022-12-12,4.9395247,4.740676952584469,4.039475362968801,3.9410449517657296,4.0576754,3.8606515,4.303677694358941,4.0149264553388875,4.220576264560623,3.966874268935497
2022-12-19,4.9574614,4.751204633756191,4.047836915389657,3.949892807666311,4.0662394,3.8686552,4.311927930177159,4.023521241907635,4.229672918977254,3.9752253824073494
2022-12-27,4.9881372,4.768823811218516,4.063877288918288,3.967579716078711,4.0819345,3.883906,4.327007107038955,4.039982914878155,4.247018217184837,3.9908309925134264
2023-01-04,5.140994,4.866207517099628,4.135633138314176,4.059563098959532,4.1556005,3.9526439,4.397743420013247,4.118680187643989,4.327640663110274,4.063425604610172
2023-01-11,5.0515676,4.812055438525397,4.089413919446107,4.011923349823912,4.102493,3.907125,4.346735426588479,4.069797061107667,4.275781392128416,4.013850892274655
2023-01-19,5.260967,4.955146607190877,4.2061653956098555,4.135661959233441,4.2314773,4.023271,4.4716790404166264,4.192914650518978,4.406938898163675,4.136416415856108
2023-01-26,5.4173336,5.061689672453802,4.289209869783701,4.227400541565831,4.3295474,4.10931,4.566965832693321,4.283710805992197,4.50496570425248,4.227786037528042
2023-02-02,5.291382,4.9793603157640325,4.226985107588234,4.16224965778778,4.2549825,4.041464,4.494164720914999,4.216569048450307,4.430280549466089,4.1586385830516015
2023-02-09,5.30685,4.98994451326824,4.2347277102521215,4.1708684673746,4.2628613,4.0493064,4.501905096199329,4.224674067922519,4.438981298165264,4.1664077960860695
2023-02-16,5.152173,4.88618141123248,4.156225917891096,4.079118836906138,4.1606445,3.9613934,4.4015375256012375,4.134331765932026,4.341273683033081,4.073789020245104
2023-02-24,5.2536883,4.958235080436761,4.20644811048103,4.138274618479302,4.2170305,4.0114236,4.45709831015058,4.1894924050533255,4.398739634308682,4.1273837310118
2023-03-03,5.0160837,4.7846298791011765,4.069568478086663,4.001282411320186,4.052483,3.8699043,4.294734961482089,4.043826855552102,4.238932397828773,3.9760406700649145
2023-03-10,5.088462,4.836132395490815,4.108468847364803,4.0374811981322996,4.0795503,3.8907664,4.321629565269489,4.077522368336926,4.269479540571098,4.005017516733714
2023-03-17,5.1636176,4.8850948599723,4.144840399655037,4.075090885948831,4.1140347,3.9246793,4.355779074173838,4.113707094938823,4.307727369644027,4.039557723733519
2023-03-24,5.3415866,5.000949923417678,4.23224274897462,4.173386090295261,4.2156286,4.0146995,4.4564743863427765,4.209329979138901,4.40884327996132,4.134841939522171
2023-03-31,5.3444586,5.002682861026785,4.23381362424238,4.174971219745811,4.2176347,4.0164557,4.458456669433051,4.211037493842725,4.410747935688671,4.136656024092386
2023-04-10,5.4009557,5.0406439021411265,4.267436063379561,4.215311587502063,4.258201,4.053191,4.498557314185896,4.249125220361618,4.451771555733397,4.174519242695929
2023-04-17,5.3838634,5.0270882325625665,4.255179289630459,4.203211009452155,4.2436876,4.040135,4.484024001586834,4.236210964582133,4.437338526006248,4.161071088224533
2023-04-24,5.421439,5.070468946232756,4.2843082041600145,4.233070410551618,4.2739034,4.0664425,4.514711523393794,4.265981298274503,4.468542857609879,4.190241298358167
2023-05-01,5.385298,5.036660332875411,4.253794974737847,4.211686857640908,4.2465177,4.0405836,4.486722680208492,4.2398753211951306,4.439750673944981,4.163135111910899
2023-05-08,5.388821,5.039527620759617,4.256499697841633,4.213650280512013,4.248753,4.042612,4.489009713255235,4.2421586873661425,4.442150540766628,4.165404127232545
2023-05-15,5.4642363,5.106153075464944,4.31275414391233,4.26818236994141,4.3066454,4.0926805,4.548107423311043,4.298424285115967,4.501399537587684,4.221137761752434
2023-05-22,5.4823728,5.120909649124699,4.327037963819317,4.280930541175412,4.321363,4.105338,4.5630739105269535,4.312338551033154,4.516229218235654,4.2352240845566
2023-05-30,5.584797,5.211551405521122,4.398325919255089,4.346133891573389,4.3985696,4.171944,4.6415728264184235,4.383445348460932,4.59319716202641,4.308129358141061
2023-06-06,5.6973977,5.309916672103494,4.4872399793588995,4.419635201766962,4.503688,4.263729,4.7487301080125315,4.471729885296057,4.696627306593769,4.4043233018237435
2023-06-13,5.696037,5.308554729449095,4.486054061118078,4.418662745615359,4.5024347,4.2626367,4.747453276070889,4.470662674615403,4.695388135542537,4.403169288128666
2023-06-21,5.7150254,5.327005147707257,4.500943948383038,4.431934375352901,4.5178638,4.2760043,4.763214753394099,4.485181247332757,4.711346806925954,4.417917202518704
2023-06-28,5.75785,5.369619983841899,4.5358130283583815,4.461757343630213,4.5540376,4.306682,4.8003426748918,4.51870323524042,4.748214751858849,4.452330365604507
2023-07-06,5.8875017,5.518431143139402,4.633782554680768,4.551897826102423,4.647885,4.3938837,4.89698096312315,4.612671300208901,4.848866534972889,4.544885420338678
2023-07-13,5.9218135,5.555382223504436,4.660932079499937,4.575439883747009,4.6785154,4.4204245,4.928627780602628,4.639635706073401,4.879646952069963,4.573370875494395
2023-07-20,5.9258733,5.5600983989781865,4.664410029473664,4.57833473066685,4.6817236,4.423147,4.931968291466021,4.642883828377342,4.883031532547215,4.576584764042149
2023-07-27,5.8780723,5.500156323141077,4.6287841280309445,4.542018029708114,4.644028,4.3898168,4.892521484506758,4.606366667128388,4.8436036520238455,4.540445635617341
2023-08-03,5.839701,5.453418377408024,4.599737577994561,4.516451366336302,4.611685,4.3605337,4.858349500604938,4.577555580490308,4.811053206628787,4.510122168059923
2023-08-10,5.713717,5.304605748628909,4.51791043431925,4.42586839615459,4.512905,4.270346,4.7534926019941315,4.487436311612209,4.710138618751637,4.418400676230141
2023-08-17,5.7215743,5.313291601426463,4.5237357879790085,4.430980340828414,4.51973,4.276416,4.760758152860875,4.493366834093787,4.7168034234246985,4.424703907608319
2023-08-24,5.8978477,5.483277004540682,4.644589060990867,4.534527734760724,4.6608267,4.3916607,4.911363162512986,4.6142893304271935,4.8506716054032015,4.553853434326987
2023-08-31,5.8345933,5.4259602984246635,4.595175015299937,4.494185110569157,4.605406,4.3472385,4.852142446167844,4.5662915338425325,4.796432438227005,4.502741785278126
2023-09-08,5.826918,5.418172198114297,4.588841530604771,4.488385859121566,4.5988183,4.342007,4.84509893282016,4.5600690054311075,4.789852713526797,4.496518670457388
2023-09-15,5.6567254,5.254007272262961,4.455364644565263,4.379824748766552,4.450014,4.222855,4.685921990086745,4.430846029744154,4.644630012706544,4.359102997521847
2023-09-22,5.6180863,5.2196578267587235,4.424952681061084,4.356444144911469,4.4192924,4.1980233,4.653094181108609,4.402878047280049,4.614736918162303,4.32994432371046
2023-09-29,5.64516,5.247128111698843,4.443282649861123,4.374453826375903,4.4404225,4.2169437,4.675631563474192,4.422050943078823,4.635892836679226,4.349694407913308
2023-10-06,5.670919,5.270275828868934,4.458296697993009,4.390326915878604,4.4606,4.2337494,4.697077113999402,4.438943504963905,4.6548385600012985,4.367654236382727
2023-10-13,5.535422,5.150504888685084,4.372787050192306,4.295250652209969,4.366257,4.1519866,4.597122955682669,4.347411586418582,4.559305004936249,4.278041153737387
2023-10-20,5.3972964,5.0365113152248915,4.282135311605672,4.215171355891536,4.2716975,4.060941,4.4971721348001115,4.25916131262877,4.462111795159214,4.18710270801427
2023-10-27,5.7128434,5.304772413112739,4.4766262725720924,4.401505460797948,4.4723153,4.258289,4.709270377523351,4.453026809553912,4.674471228988926,4.38202784829062
2023-11-03,5.7906466,5.362270579125042,4.526092467600335,4.4409443680586165,4.542645,4.321815,4.783386098686664,4.504698533278863,4.740559186046948,4.443232503850676
2023-11-10,5.924437,5.458859245685059,4.612705110425055,4.514669040455163,4.656954,4.411695,4.903265398295343,4.5948022289210595,4.847854303247947,4.544430709493285
2023-11-17,5.9729323,5.493482027671284,4.649395459053583,4.544232325414277,4.6973777,4.4471054,4.945615885153785,4.630081004436401,4.88850283464298,4.582288501201473
2023-11-27,6.001976,5.516515473755069,4.676418168002392,4.565318879584176,4.7271433,4.475765,4.976824035885416,4.655775052279647,4.919033664313264,4.61024934287435
2023-12-04,6.0716305,5.579417614394262,4.725338593977864,4.617946078130525,4.7917013,4.5360227,5.044683957487154,4.710786595009241,4.985107474491999,4.66880244630375
2023-12-11,6.2279396,5.744663185781837,4.868915482000806,4.736209535095248,4.9470153,4.667377,5.2079255311400035,4.848930915687363,5.141345559453102,4.814791618422911
2023-12-18,6.276499,5.811449781932771,4.9115183830041005,4.770283363282522,4.997849,4.712008,5.261754499259609,4.890900376711386,5.191826503166869,4.861284905569141
2023-12-26,6.1859775,5.705161943164859,4.830902584814191,4.71052993549237,4.921557,4.644486,5.1809337746672375,4.819305852510558,5.112735739452889,4.787010620961703
2024-01-03,6.288507,5.81837972864442,4.917000523207718,4.782761554934031,5.0064507,4.7215877,5.270686732884585,4.900155038377807,5.201633876432822,4.869441034533146
2024-01-10,6.2875843,5.817335295920995,4.916121700867779,4.782101519542096,5.005169,4.7205567,5.269331060812482,4.899270489627099,5.200458268208016,4.868343585353704
2024-01-18,6.4398613,5.987774856068358,5.03337816737145,4.888570639491228,5.1252966,4.8372426,5.396138042579564,5.0137442652624555,5.329056733880055,4.984708660535632
2024-01-25,6.4553013,6.00685367897066,5.046057845213658,4.899635527070084,5.138955,4.849234,5.410611553195291,5.026161959186902,5.3430453368343365,4.997635450149394
2024-02-01,6.5756454,6.122520999322494,5.146606095476037,4.966143739060613,5.2413707,4.936596,5.519260169976955,5.114304122215986,5.444619521629244,5.094371123383579
2024-02-08,6.6243367,6.171838301024729,5.194650133562489,4.997667588522784,5.2821593,4.974173,5.5624187204253985,5.153825060752264,5.4877045974392065,5.135182864909659
2024-02-15,6.7013993,6.24055324721677,5.256491952197751,5.04468207447418,5.3407607,5.0319676,5.6241992699531735,5.2092335376475205,5.550570625510153,5.192680145522568
2024-02-23,6.7673764,6.295513200238871,5.305442490530322,5.0810994068980735,5.4026985,5.0888457,5.6891558545135315,5.257289452737681,5.611169309596632,5.2482720723067855
2024-03-01,6.7524657,6.283172268013148,5.292827718984845,5.071290466732227,5.3883543,5.0756445,5.674181019751878,5.245189189514991,5.59665424015535,5.234964233009251
2024-03-08,6.7484283,6.27932235102787,5.289877728755581,5.0686856868619845,5.384922,5.072538,5.67059907542341,5.24221757455863,5.593172270853656,5.231781076538828
2024-03-15,6.899062,6.425501747851337,5.398620005495427,5.17194169937899,5.513607,5.189776,5.804849429327696,5.35518560149565,5.724468820679401,5.351130694182976
2024-03-22,6.9116354,6.437816988079206,5.409778413540898,5.180839004108829,5.5272436,5.2022576,5.8190929329939225,5.366234437338937,5.7380123411705535,5.363529990511828
2024-04-01,6.8661017,6.383690534430043,5.369645271707801,5.146400960084778,5.4895153,5.1686907,5.779642188673917,5.328965212309577,5.698048973620422,5.326412955509505
2024-04-08,6.6772156,6.170442813682405,5.214969656503297,5.022044455731438,5.34515,5.0295277,5.627947410971078,5.188522895395534,5.542650723348817,5.183882179594546
2024-04-15,6.614606,6.108764756639921,5.177833972364712,4.98759132145431,5.3019347,4.9942265,5.5823720231045115,5.150458619131932,5.501166835257867,5.143931178597471
2024-04-22,6.751473,6.242998496102975,5.263367010499282,5.071912720459711,5.409308,5.0828,5.69528050323908,5.242223449010946,5.604482028643374,5.24145091956806
2024-04-29,6.837642,6.32205124794221,5.31828472409833,5.128054933957219,5.485403,5.1527457,5.775073774019445,5.303850350079691,5.679889510491747,5.309182947705988
2024-05-06,6.8950906,6.3677234754950955,5.353130360488155,5.159550531401407,5.536784,5.196351,5.828743581454403,5.3421722814695585,5.72894498370979,5.353560663251116
2024-05-13,7.0162063,6.471551923495116,5.445128089597944,5.244409636243651,5.6530504,5.2955317,5.950138118056316,5.4388935537944265,5.843620857908095,5.458709621074741
2024-05-20,7.0128975,6.468381176541305,5.442150295164809,5.242004966216521,5.6492176,5.292584,5.946127772107234,5.435878746252469,5.839949889905693,5.455310098757607
2024-05-28,6.994101,6.449188990209951,5.426831728940325,5.228158240489473,5.631554,5.2765203,5.927610434263561,5.420385100946385,5.8218078831038556,5.4388664420174555
2024-06-04,7.1074066,6.583049842465939,5.51207165348016,5.310246567483624,5.7248697,5.361067,6.026338292940479,5.507045384672864,5.919668789451939,5.527413713725579
2024-06-11,7.2601566,6.78305803699054,5.636121702138168,5.423720992936917,5.85763,5.4778295,6.1671219505107775,5.630083513075965,6.057606348669522,5.653604710753352
2024-06-18,7.244006,6.760976108928531,5.6209481283967095,5.411850693561156,5.840215,5.4614887,6.148609337300933,5.61546721121849,6.039879670719597,5.6374748700370345
2024-06-26,7.3230186,6.871537186442569,5.690671298110291,5.474141818005406,5.92675,5.5332084,6.240849599347161,5.687597754211087,6.125287448867255,5.7159064850760535
2024-07-03,7.3896804,6.965365207008876,5.754690301963414,5.524975649204571,6.000935,5.5981784,6.321045838942157,5.749823129492641,6.199607520897623,5.784205293016706
2024-07-11,7.3389535,6.893644084133591,5.707037134696862,5.490515729489212,5.950833,5.5527883,6.266290498354908,5.70638496162182,6.14867185028622,5.736928222320124
2024-07-18,7.1497226,6.6618068573631,5.569708558279579,5.375626398603043,5.7900176,5.4224305,6.089798535528722,5.57015419552954,5.993699828509484,5.589565075772962
2024-07-25,7.210808,6.716147223737433,5.608544402873607,5.406236202060933,5.8316016,5.465696,6.135271771088789,5.606817731325537,6.037738929613321,5.629137709296978
2024-08-01,7.046676,6.592605697631578,5.522701500796068,5.3258616236901,5.7198224,5.369885,6.0145969803209125,5.515213037930287,5.931312058357132,5.528812635502863
2024-08-08,7.3443975,6.754456498330964,5.634394438313228,5.437083739644793,5.849142,5.4624376,6.151270030616178,5.632222752434893,6.0489305804111115,5.648085138332958
2024-08-15,7.386227,6.775882883598984,5.653675379884832,5.4552091589452525,5.880912,5.4921265,6.184205717314605,5.654500863013802,6.078869708711938,5.674845360108262
2024-08-22,7.4145117,6.790781337693244,5.667870937474275,5.471142970714316,5.89677,5.506145,6.200413421674808,5.669957709335928,6.095588145888344,5.689990676781513
2024-08-29,7.1756163,6.654667982944712,5.5486301697527605,5.310488433118365,5.7282486,5.360545,6.029639446348632,5.522320623613715,5.926109195694908,5.538964343883496
2024-09-06,7.463115,6.851721596362965,5.709812722294595,5.453410765569655,5.8679023,5.468948,6.1724783307897,5.6699022101569705,6.071033595295997,5.678893420581539
2024-09-13,7.569124,6.933162002537644,5.778252236245502,5.513041115293076,5.9415107,5.535729,6.247584322397192,5.736817401537415,6.146728926074369,5.748686492267733
2024-09-20,7.612015,6.966984579279055,5.803704578254467,5.537693440999623,5.9720035,5.561358,6.278581125109056,5.76357113370956,6.176966596708874,5.776786263376652
2024-09-27,7.632128,6.9835749235273035,5.81757229674245,5.551677098498538,5.9872074,5.5744886,6.294007621251356,5.7778970923366755,6.192529686834875,5.791205324455443
2024-10-04,7.72004,7.06718433063128,5.869627780041374,5.61087099523218,6.0492563,5.6316075,6.357664936216077,5.835459979142095,6.256336151675444,5.8492788128944335
2024-10-11,7.7867746,7.140198647410308,5.923229581277731,5.654700391027969,6.0970087,5.6785736,6.40721116681977,5.883655750548399,6.309091528649691,5.8971593590801294
2024-10-18,7.7128468,7.061200435616063,5.863906554415888,5.6032644765312805,6.037148,5.6218777,6.344493803943903,5.826971793048938,6.246059540544991,5.839204886862377
2024-10-25,7.6062856,6.93118019204663,5.786683589183576,5.5255793392415296,5.967086,5.552336,6.270312396784876,5.752169113491636,6.166219338113159,5.768413862471995
2024-11-01,7.967926,7.295576301484023,6.053938690157133,5.730208626184268,6.235491,5.804798,6.5577857293786295,5.996921151902323,6.442890162161035,6.026152789359295
2024-11-08,7.802223,7.158762977997771,5.938643929619488,5.6508676475529915,6.118302,5.6893215,6.432096688243168,5.894679729665156,6.320363006579639,5.9145737129661775
2024-11-15,7.9322286,7.264921993775805,6.026864838867914,5.722753301838639,6.2179084,5.7736278,6.538518985522929,5.980428696656728,6.418708971710616,6.0071249157306115
2024-11-22,8.040387,7.354028109673289,6.108501909586383,5.795022345388615,6.297128,5.841294,6.623177706179282,6.0579957081556435,6.501629752813076,6.084387925608193
2024-12-02,8.054374,7.36528336060645,6.120226921447956,5.804935059574416,6.3100667,5.85348,6.637019209084738,6.0694388727669075,6.515073066593293,6.09656808000001
2024-12-09,8.082479,7.402923199180396,6.149480932410469,5.825575380209165,6.332286,5.8741813,6.66102027083594,6.093335785559768,6.53957168197553,6.119609596527464
2024-12-16,7.947967,7.218120339848173,6.022903327402836,5.727815571193634,6.2145324,5.7750635,6.532638509572448,5.980150857776429,6.4183875430540684,6.004713404907979
2024-12-23,7.832895,7.1191103209158415,5.950000553522835,5.672483553531862,6.137444,5.702125,6.448386887602313,5.912460131775388,6.338912797191437,5.931771446619908
2024-12-31,7.8784695,7.154435306443606,5.979622441088263,5.697075064757339,6.171153,5.731881,6.4848899845742665,5.941503517340438,6.372443989781559,5.963116653399009
2025-01-08,7.9072037,7.175260783129893,5.997077329187954,5.713644997778634,6.1927233,5.7498107,6.508067670667571,5.959941611529839,6.393359370425965,5.9828722584804925
2025-01-16,8.125451,7.318405097795833,6.132196256536401,5.829355563237694,6.359961,5.8932047,6.685696032966263,6.097626000605603,6.555678935967896,6.134939769793534
2025-01-24,8.043257,7.254625345960554,6.0763213837989785,5.779563465854511,6.276489,5.8223953,6.5971975755465895,6.036213270810138,6.477498165996627,6.062740397605327
2025-01-31,8.029225,7.243540996387035,6.06877688006913,5.7709937890868135,6.2670035,5.8142114,6.587194512513596,6.027748071866231,6.467889603022296,6.05399943972811
2025-02-07,8.148573,7.34171970099907,6.137055052877367,5.846275618174126,6.348081,5.879247,6.672797105490338,6.1023883053726395,6.548930337382061,6.129603032973204
2025-02-14,7.9816456,7.193999130838513,6.014647881527813,5.7365487492495015,6.184602,5.7369385,6.499598684117895,5.972501726469801,6.390124546534016,5.98350778504123
2025-02-24,7.8020225,7.02173854429226,5.894566669706298,5.63259657016497,6.0806007,5.6559634,6.389548364149312,5.863495774905521,6.281562570668979,5.879516615438766
2025-03-03,7.4920883,6.775280932610769,5.736684954509461,5.493985437878099,5.9027014,5.4890084,6.20039482056934,5.706265299424703,6.10211007395944,5.71254043945003
2025-03-10,7.579896,6.8283282312194,5.773816562057983,5.526553505081816,5.947119,5.52629,6.247359775946738,5.74398072928934,6.143115582135697,5.753347353613546
2025-03-17,7.6955957,6.8917309653103205,5.829919554948541,5.575065462928245,6.0250106,5.599543,6.328498955277841,5.803578845082061,6.216385286327269,5.822300984516475
2025-03-24,7.4986753,6.790322746861217,5.741220526605837,5.4841630674927995,5.8971167,5.4927287,6.196929978593807,5.702662295070402,6.096124480384292,5.709614419174516
2025-03-31,6.761261,6.407182479563621,5.4203975888697,5.133012503593657,5.5059805,5.1547475,5.797060882849751,5.349611116304144,5.710296408702395,5.3463931928176125
2025-04-07,7.226954,6.572472951810218,5.5342067927656124,5.234652439017576,5.593097,5.2619967,5.885352905686192,5.44985876960193,5.832328878048344,5.438647554402381
2025-04-14,7.0678353,6.536497293584892,5.4954622615628,5.208813589760578,5.552657,5.219181,5.845474689632269,5.415584333285127,5.790725872759414,5.400371337031335
2025-04-22,7.4307113,6.61751587417219,5.602746003608074,5.293558934216032,5.7009892,5.36583,5.987372996030663,5.526039022941989,5.923329401994009,5.531361836476029
2025-04-29,7.4907665,6.630340880971773,5.622129341784723,5.313624485000938,5.7239466,5.387762,6.008593221961527,5.546779495993209,5.946828555585332,5.552896966682612
2025-05-06,7.866644,6.715528430841415,5.736676107900328,5.481711620082717,5.874613,5.5398273,6.146358556493084,5.689320373143292,6.106212945425244,5.693544385337074
2025-05-13,7.9472084,6.751667122267602,5.7688749947122195,5.511719372962826,5.912106,5.5768976,6.181051258434405,5.722438449773692,6.145507989292036,5.728643077625953
2025-05-20,7.8785744,6.71721756993294,5.734433975100569,5.475068201126366,5.8680153,5.536531,6.139845204126066,5.6842977280890645,6.101207399188683,5.688234703687399
2025-05-28,7.9884973,6.78419682065664,5.786843932253171,5.525638372999439,5.927518,5.5982156,6.196267740179629,5.738270778930544,6.164907434255736,5.74455848587069
2025-06-04,8.061287,6.83063672131083,5.829446760484574,5.568793558296224,5.974584,5.6437016,6.241251879238578,5.78245550630003,6.214981403393646,5.789449402782887
2025-06-11,8.008739,6.797134625791012,5.800203745821428,5.535107481209693,5.940001,5.610719,6.207893790308788,5.7501076338677715,6.178364923612102,5.7568453002187745
2025-06-18,8.226422,6.97444648802934,5.93313789596239,5.665916959002431,6.067631,5.738994,6.332148690775723,5.880475397365691,6.3214274203012835,5.883411578664949
2025-06-26,8.407523,7.125634543107938,6.0532177087771775,5.772166485202158,6.1882873,5.8549404,6.4511906666433125,5.995834319722711,6.450917568078225,6.0004690974294705
2025-07-03,8.384398,7.102462789014482,6.034813475674461,5.757509316852812,6.173973,5.8403125,6.436929333385721,5.980217927134024,6.4344077999675715,5.985713093770185
2025-07-11,8.437641,7.156591045618125,6.075246145983726,5.793270402685471,6.20681,5.872916,6.469969232066312,6.016417514303693,6.472258586865302,6.019562479459357
2025-07-18,8.565634,7.305024598052145,6.185416918987341,5.8829290804781005,6.2944417,5.959163,6.55949222133486,6.111621661939331,6.572067057664997,6.109847543201964
2025-07-25,8.358853,7.040311172791358,5.973804944754631,5.7390756437781185,6.152504,5.8199787,6.411961911670174,5.9489314587353626,6.4085994511522655,5.958406020355762
2025-08-01,8.5667095,7.282798260894378,6.113787095567344,5.854665195344197,6.2758846,5.9285417,6.542645755204044,6.074774888862458,6.541027615147779,6.081513634180411
2025-08-08,8.650874,7.36941057668895,6.179626045308017,5.902132399366151,6.3474813,5.9893255,6.619265165377119,6.135432021766462,6.611472924807527,6.148198035457166
2025-08-15,8.676017,7.394196670962854,6.201194167253698,5.918045624346088,6.36793,6.005073,6.641312486879557,6.154603639094494,6.631849737761735,6.168001170776839
2025-08-22,8.672521,7.3908792622888235,6.198427476547487,5.915961534289049,6.365188,6.002832,6.638353028004749,6.152096354227623,6.629099914478015,6.1653793954864105
2025-08-29,8.723341,7.435755522983545,6.240536350269335,5.948204381622708,6.4060354,6.0382996,6.6825820063348305,6.19019984809587,6.671110545241305,6.2048433888655286
2025-09-08,8.885753,7.616040937670852,6.365944686266549,6.053862910520957,6.5257177,6.1407013,6.812762832417282,6.306736918620462,6.7961404104213985,6.32166156105352
2025-09-15,8.990337,7.739668470562162,6.458226234294648,6.123416723267752,6.6092973,6.210006,6.903978800282337,6.387920588469714,6.882176583146097,6.403701470511782
2025-09-22,8.947733,7.690091943258036,6.422665375375993,6.094129796195952,6.5738044,6.1792393,6.864979593053048,6.354698586965852,6.845699469938333,6.369556856758262
2025-09-29,9.054645,7.827689108760997,6.507823392513797,6.167637093427513,6.6511803,6.249804,6.9507718405387005,6.433165860687493,6.929422103291,6.446451971642674
2025-10-06,8.939104,7.677863133390213,6.409357740388989,6.0840330190597856,6.5715275,6.1778874,6.861127695961258,6.346413676620475,6.840889410328367,6.364882564780075
2025-10-13,9.050465,7.771794911396766,6.4782445317506445,6.12841521778289,6.6477995,6.2462983,6.9473447526085055,6.407951498852432,6.914580948993272,6.435245081749496
2025-10-20,9.238403,7.922738700897004,6.590957432133268,6.222838246851121,6.771236,6.344272,7.0860985399089635,6.5174079521396004,7.034644398497443,6.550821725157663
2025-10-27,9.212789,7.903151557387251,6.575243104925778,6.209234021011681,6.7513657,6.3291273,7.063871668233311,6.501227846174232,7.015966295233782,6.53293856994797
2025-11-03,9.187171,7.8840504905697735,6.559947263154865,6.193602607650856,6.734764,6.3137302,7.045383906114297,6.4855142229851035,6.9983917992805775,6.517070056773513
2025-11-10,8.974561,7.743084480035992,6.45165632762257,6.086390756313728,6.603493,6.205577,6.899904201747401,6.370553873766895,6.870170583312016,6.397120130200194
2025-11-17,9.015816,7.776164647689994,6.47361870434603,6.107707823517459,6.6271853,6.223145,6.926151867979523,6.392874228626486,6.892446668586035,6.419178015573682
2025-11-24,9.188386,7.898165165482231,6.555234468939468,6.186733090766166,6.742445,6.312518,7.0530101359958195,6.483470275306865,6.993984791380821,6.519434485045381
2025-12-02,9.208743,7.913066171299384,6.566718088559649,6.197900163582587,6.7598295,6.327168,7.0720463262275315,6.496518896074986,7.010032334504504,6.534414086857208
2025-12-09,9.152523,7.8681599225272505,6.527068044145024,6.160169154650846,6.7167573,6.2911134,7.024935285254713,6.4565846239800475,6.966792547108482,6.49404328752201
2025-12-16,9.302482,8.00502387403531,6.612893414321682,6.25739511951508,6.833195,6.3876114,7.152179891753395,6.55553878371032,7.0798559740640465,6.598241773103205
2025-12-23,9.220809,7.92700697941911,6.551682045730002,6.208733989549494,6.7637587,6.3288693,7.0754522288510255,6.496540505410864,7.010872489280265,6.534364704676861
2025-12-31,9.32344,8.051389360794323,6.645452462982767,6.275067673277861,6.8434715,6.402642,7.163987814114227,6.575673047894345,7.096556458832328,6.614057771405636
2026-01-08,9.360353,8.094636387432098,6.676430361970476,6.300075418036211,6.8711085,6.427704,7.194864882337454,6.603453137447776,7.126242496465944,6.641455411798296
2026-01-15,9.319653,8.04291583778485,6.646105886341059,6.271692720451492,6.8411407,6.3994665,7.161186162873905,6.573968946852537,7.0938327365305565,6.612171432604889
2026-01-23,9.356703,8.080283985580474,6.672106337610862,6.291359749483214,6.8625712,6.4201574,7.185351792636685,6.596159316828609,7.117772291009686,6.633944526510013
2026-01-30,9.3384495,8.061284710784848,6.660234671720192,6.2793873694111975,6.8474765,6.406745,7.168326144004263,6.583340568215629,7.102855028883594,6.620228347588101
2026-02-06,9.218511,7.961652089347895,6.593738014899424,6.223759263072262,6.7723026,6.34576,7.083672314764971,6.518153092801095,7.031461878732467,6.551119143759348
2026-02-13,9.227164,7.968210334709896,6.598582392552985,6.2281511887494725,6.7778044,6.350627,7.08982942059479,6.52303818085683,7.036933869735264,6.556249079126527
2026-02-23,9.2811165,8.015955637820303,6.630363367792086,6.258408020237238,6.814375,6.3798795,7.130693227466332,6.555761597061896,7.071810542841076,6.589948086404098
2026-03-02,9.171453,7.922564596713779,6.574077875324009,6.190820867300208,6.7411323,6.3186655,7.049064533897696,6.490594587792794,7.00144453365015,6.5233966800621
2026-03-09,9.046512,7.825875397219075,6.520519311607408,6.123468132319872,6.6670156,6.2580457,6.966603890430383,6.426245262790123,6.93361504166468,6.457112484476463
2026-03-16,8.88614,7.694082745112657,6.440454452090535,6.039449771349004,6.562885,6.160935,6.85071027131565,6.337543258498105,6.831813722804168,6.36201775164105
2026-03-23,8.568729,7.453722375466804,6.299917321084196,5.884658889403817,6.3738637,6.0010753,6.640758143469244,6.177489204724319,6.65871159030754,6.192402490845646
2026-03-30,8.938205,7.707918916403072,6.468293241698067,6.0536754925068355,6.5580688,6.1637707,6.843764809392486,6.351078634112272,6.841969091105166,6.367097748268488
2026-04-07,9.416017,7.987574255309781,6.693502435925328,6.274271397280372,6.852917,6.405842,7.167624577872377,6.595557199415342,7.106076208500811,6.630724192923482
2026-04-14,9.546452,8.05745900722078,6.759441088052089,6.330570268565527,6.9517217,6.4886293,7.275456230523644,6.667096013538434,7.194252246871706,6.71534649331736
2026-04-21,9.649634,8.113276818828592,6.815811059570755,6.383197778291321,7.023835,6.5486465,7.353393443249309,6.726886280781351,7.262119144131402,6.78017712393649
2026-04-28,9.813423,8.209364519138541,6.909659586986943,6.4773306337308165,7.1601872,6.6656127,7.500362101881728,6.833147371074311,7.389583291281156,6.8994548035394505
2026-05-05,10.008804,8.35506674894956,7.0306766231403035,6.593278255966192,7.306156,6.771782,7.658279541644557,6.960052652163006,7.524645117866512,7.030772656979194
2026-05-12,9.948467,8.302422498668689,6.98861358284232,6.557244833595827,7.262626,6.7316556,7.611032655167449,6.919737046148584,7.47931059372211,6.989165321445426
2026-05-19,10.175305,8.515305566317501,7.13454885250401,6.686997177684039,7.4268823,6.882299,7.789298689829812,7.065495848984309,7.646769416355953,7.143145580338802
2026-05-27,10.226558,8.564943124409702,7.174099422749788,6.718371528788556,7.4669943,6.918219,7.832870825867729,7.1022230027859665,7.688037431806797,7.181428015650784
2026-06-03,9.83593,8.178099212117486,6.85274725528221,6.466832857733485,7.191709,6.6839023,7.533441707874027,6.8214871887625455,7.397329870324897,6.908351566119704
2026-06-10,10.046497,8.336943001989932,6.954379029969496,6.558068651597911,7.2951427,6.773386,7.645652993203669,6.919975304256688,7.503194184951526,7.007372628031063
2026-06-17,9.981845,8.295053039145733,6.921754995435286,6.531099579199465,7.2546835,6.73856,7.602071818192542,6.887142797078037,7.464527295689401,6.97087326793611
2026-06-25,10.124308,8.383520034986121,6.987226084859251,6.601286727683303,7.3362703,6.8145795,7.689033241705977,6.959266216176095,7.5480476881864105,7.046346630585061
2026-07-02,10.262554,8.46390744749291,7.04647811555769,6.67362744668625,7.4304414,6.8959765,7.788425901655536,7.033116453519758,7.638600879642122,7.127862642427654
2026-07-10,10.104051,8.359784071133593,6.964255740398002,6.583154931349015,7.2886734,6.7818527,7.63911373665634,6.931474583350875,7.508961360115488,7.009677987332085
2026-07-17,10.044783,8.311689342773233,6.934922543392894,6.549368458923581,7.2510962,6.7521467,7.599432569295903,6.898133344145675,7.4729377354476005,6.975707893522414
2026-07-24,10.154892,8.412266503555907,6.996781336166685,6.612185342809088,7.3339815,6.823362,7.687666141136651,6.9666002644563685,7.552190025656414,7.04990090766369
2026-07-31,10.511454,8.712053105303164,7.182130989872408,6.779203404681596,7.569271,7.015702,7.939633103691051,7.160219616978229,7.777978307384315,7.260728615154157
2026-08-07,10.553322,8.741895512469357,7.208485758643937,6.799232791656364,7.6020417,7.036385,7.974550865682728,7.186044802332397,7.806443532170576,7.289069094195548
2026-08-14,10.408957,8.634590473658967,7.09999012075564,6.71481920233376,7.4980626,6.9491377,7.864199019233294,7.087876089913242,7.699959178165107,7.189345109924837
2026-08-21,10.4583025,8.671771426539607,7.133179703461976,6.7444078529282665,7.5349603,6.980617,7.903268071915025,7.12098963808006,7.73724286056854,7.2238252547386095
2026-08-28,10.469721,8.681306313250454,7.14150078632745,6.751706791793823,7.5438447,6.9883537,7.912694631203398,7.129120122563925,7.7463594712987,7.232215153071892
2026-09-04,10.343163,8.52307920910649,7.0315751240247995,6.675637979880815,7.4533515,6.908805,7.815489862467377,7.0382676470459575,7.650452367762501,7.1419038756811855
2026-09-14,10.540825,8.747791846466614,7.168166003549657,6.793687980845659,7.604023,7.033824,7.978594783299591,7.172617428427948,7.799059494534175,7.282140069193294
