Date,Buy & hold SPY,Target 12% via Trailing 22d,Target 12% via HAR,"Target 12% via GARCH(1,1)",Target 12% via XGBoost,Target 12% via Combo
2004-10-25,1.0332236,1.0353939940855346,1.0336574390613773,1.0301853971849533,1.029315,1.030997190025893
2004-11-01,1.0659932,1.0667865969213401,1.0662040008873055,1.0587750925676327,1.0581425,1.0609302842326336
2004-11-08,1.0839415,1.0843895250360887,1.0822841044982712,1.0737919991880809,1.0722616,1.07597964549613
2004-11-15,1.0770942,1.0773478614136986,1.0748428652625166,1.0676441314140666,1.0663986,1.0695310579731303
2004-11-22,1.076273,1.0765228783868064,1.0739916225469535,1.0669050160443434,1.0656972,1.0687702442045188
2004-11-30,1.07819,1.078891414406216,1.0760902811135566,1.0687961789856577,1.0673755,1.0706515677914725
2004-12-07,1.1027477,1.112953036597409,1.103176141602459,1.0927269468373655,1.0875926,1.0942256933133565
2004-12-14,1.1042879,1.1150513459522151,1.1049214999030634,1.094259533837902,1.0889012,1.0957436693621896
2004-12-21,1.1131859,1.127696902189661,1.11453725876895,1.1033967822066977,1.0966969,1.1045638853107036
2004-12-29,1.0824581,1.0809838475266664,1.074704090304804,1.069731715771102,1.0705433,1.0718433308898125
2005-01-05,1.0875943,1.0884010341229295,1.0797811886014974,1.0748709380127177,1.0744765,1.0765266679565622
2005-01-12,1.0777793,1.0738451844561006,1.069941326211323,1.0647181986030536,1.0663052,1.0671793340059397
2005-01-20,1.0771375,1.0729903800963645,1.0692287486909628,1.0641002314231371,1.0657637,1.0665711665916524
2005-01-27,1.0911716,1.0907457085709182,1.084769302853319,1.0782095497957835,1.0773011,1.080202568246218
2005-02-03,1.0983258,1.0996440057570556,1.0931477218474042,1.0856859218316597,1.0833304,1.0874316858060027
2005-02-10,1.1028209,1.1054699525965923,1.0985593815858543,1.0902816257053658,1.0870514,1.0919589808267494
2005-02-17,1.113828,1.1208726001099545,1.1125429129134652,1.1015168924378085,1.0962763,1.1032760962777328
2005-02-25,1.1257521,1.1353106494287204,1.1257215078500695,1.1121472986891894,1.10591,1.1143259500074496
2005-03-04,1.1042879,1.1109594311168225,1.1041767363092287,1.0929320242724772,1.0888526,1.0951453659607606
2005-03-11,1.0915902,1.0970198043112094,1.0913723847847283,1.0813171678680369,1.0784602,1.0835851123151676
2005-03-18,1.0802634,1.0848054504682425,1.080145142409254,1.0707140583240604,1.0693783,1.0733256827944655
2005-03-28,1.0832105,1.08833208036606,1.08315951359871,1.0736060991989376,1.0716914,1.0760501211528548
2005-04-04,1.0874465,1.0932683197348738,1.0870460112726041,1.077624957258833,1.0749621,1.0797605268029564
2005-04-11,1.0543875,1.0518945757890288,1.0490614537147558,1.0458418089951393,1.0481184,1.047880575431527
2005-04-18,1.0712389,1.0696254860635606,1.064562007404632,1.0597298091138518,1.060429,1.0617220209885163
2005-04-25,1.0718837,1.0701411497503992,1.0650988809394175,1.0601846261279888,1.060919,1.0622222574104605
2005-05-02,1.0849597,1.080708571035889,1.0756555914144932,1.0696744390125248,1.0702091,1.071987215969123
2005-05-09,1.0755672,1.0731732701057264,1.0673719048325492,1.0620615026759588,1.0632601,1.0643904531742596
2005-05-16,1.1030086,1.0958015584464065,1.0909995478663395,1.0841984285320645,1.0844971,1.0867092149740396
2005-05-23,1.1002458,1.092950628681857,1.0882978261534382,1.0818396201035532,1.0823017,1.0842991316673665
2005-05-31,1.1062313,1.099752833148436,1.0949040005039663,1.0873734637665033,1.087246,1.0899538483078588
2005-06-07,1.1129543,1.1082035479067964,1.1016871044731715,1.0939890170231539,1.0928195,1.0962641324721973
2005-06-14,1.1230857,1.1232844677953913,1.1129328811792494,1.1047014936995603,1.1011719,1.1062862884550986
2005-06-21,1.1108818,1.1049753742525612,1.0981864073671235,1.0908462612871022,1.0915662,1.0937726399235226
2005-06-28,1.1046866,1.0957319530630831,1.0908439150085887,1.0847353777763542,1.0864339,1.0876494304875546
2005-07-06,1.1319616,1.1355578275130842,1.1216772848395138,1.1111711525747152,1.1084663,1.1138443892995227
2005-07-13,1.1412998,1.147845689863647,1.1323462736570142,1.1202888378886238,1.1160537,1.1228823324360173
2005-07-20,1.1445361,1.152024132322394,1.1357665459053619,1.1236180850795523,1.1187125,1.1260093666048883
2005-07-27,1.1531351,1.164458606895941,1.1458505052072108,1.1327395982050963,1.1258165,1.1346867641586995
2005-08-03,1.1402826,1.1459108216875706,1.1294838492358656,1.119069952013871,1.1152923,1.121385335331168
2005-08-10,1.1298349,1.1301456415492024,1.1187963109625267,1.108081519676636,1.1071566,1.1115360014327755
2005-08-17,1.1201271,1.1169496087016217,1.1076348885031828,1.098653380768823,1.0990813,1.1020739767132453
2005-08-24,1.1333485,1.1353456746886006,1.1205779359522474,1.1120000481831325,1.1090072,1.1140524371965344
2005-08-31,1.141854,1.145666272661382,1.1291627149503294,1.1198236969194288,1.1156368,1.1216994647523957
2005-09-08,1.1386185,1.1417071405198385,1.1258207139965144,1.116743439222283,1.1130081,1.1186967938490027
2005-09-15,1.126659,1.1270781892036088,1.112003906304174,1.1048925723698122,1.1030511,1.10692506669591
2005-09-22,1.1389158,1.1415432360557902,1.1242324189967285,1.116589759397956,1.112722,1.1180704808897866
2005-09-29,1.1067892,1.1003281262468803,1.0935594845069645,1.0840544788268616,1.0865386,1.088396660416916
2005-10-06,1.0903543,1.0796029303972512,1.0788283377042147,1.0690387013538771,1.0751934,1.0748030920114018
2005-10-13,1.0925825,1.0823609969859471,1.0808710897066123,1.071143438881979,1.076835,1.07672209217143
2005-10-20,1.096576,1.085927637651049,1.0840700752001349,1.074001290688465,1.0796653,1.0796819230385242
2005-10-27,1.1352947,1.1182985064752327,1.11794429690334,1.10446008172089,1.1091613,1.1109158573533617
2005-11-03,1.1452292,1.1262688503696427,1.126860154965037,1.1124232655921045,1.1180729,1.1195034933708945
2005-11-10,1.1573002,1.136517494735431,1.1378388410100289,1.123278502473431,1.128977,1.1304196555683348
2005-11-17,1.18042,1.1573385762252648,1.159535765836525,1.1456273769907093,1.1507032,1.1523494466345883
2005-11-25,1.1778203,1.153932749159831,1.1563377144346907,1.1428959261791116,1.1485294,1.149699816442203
2005-12-02,1.1729921,1.146955581378002,1.1505958440647581,1.1378571414457501,1.1446068,1.1448563722572302
2005-12-09,1.1794899,1.1564781891069587,1.1576157267046168,1.1452309129874283,1.1502624,1.1515137754272213
2005-12-16,1.183224,1.1619700283849617,1.1619366492530887,1.1496715764077305,1.15297,1.1552658648666714
2005-12-23,1.182664,1.1611451559485535,1.1611943075563018,1.1489511878855105,1.1525613,1.1546643573474813
2006-01-03,1.2031995,1.1870931955892827,1.1802875304224327,1.1688379017941952,1.1683939,1.17286552408641
2006-01-10,1.1931186,1.1738301376491698,1.1686555627709576,1.1582891463131517,1.1597575,1.1626667160227397
2006-01-18,1.1822908,1.15943049761368,1.1579715848547931,1.1459384631309575,1.1502725,1.151903877492284
2006-01-25,1.1984395,1.1770660889664515,1.1744126022930164,1.1621701655000511,1.1650257,1.1677138581472122
2006-02-01,1.1819177,1.1594594599653871,1.1555253379687875,1.1456424327204302,1.1495667,1.1508084268552716
2006-02-08,1.1966654,1.1758976741544114,1.1679625229838733,1.1595322325901725,1.1608173,1.1632953018028955
2006-02-15,1.2048795,1.1846296517936705,1.1756972151104024,1.167681455604973,1.1679162,1.1709473389886271
2006-02-23,1.2074933,1.187829804569428,1.1782752784565715,1.1704326313247935,1.1702958,1.1735136159653086
2006-03-02,1.1890116,1.165683286318869,1.1594685652234353,1.1509002217323132,1.1532577,1.1550769560420795
2006-03-09,1.2230815,1.2113104402087616,1.192667285620978,1.1887356432850231,1.1830424,1.188546162936198
2006-03-16,1.2193239,1.2064075715480993,1.188293143631759,1.1846948990846924,1.1797845,1.184690007674584
2006-03-23,1.2164185,1.2022864748519677,1.1848431485084179,1.1813875029521552,1.1773117,1.1816478127409584
2006-03-30,1.2264457,1.2170403662773952,1.1954343653463788,1.1932251180208129,1.1855228,1.1917564112908128
2006-04-06,1.2062036,1.1869077717677938,1.172997410887722,1.1678622063350068,1.1684399,1.1704074310162604
2006-04-13,1.2290702,1.2206589702182846,1.1976425111226925,1.1948848355337922,1.1866795,1.1934075959936867
2006-04-21,1.2320691,1.2248958469197349,1.2006480676897806,1.1981617532491016,1.1891155,1.1962964527953461
2006-04-28,1.2419094,1.23917968866257,1.210756777509551,1.2097717051887642,1.1971308,1.206097302350258
2006-05-05,1.2111703,1.1989616110430144,1.1788127967772997,1.17580611599994,1.1710712,1.1756352749110657
2006-05-12,1.1911153,1.1750191877657972,1.1579350356670224,1.1561788105399091,1.1552875,1.1569979704473885
2006-05-19,1.2031109,1.1878804480484964,1.168363562395266,1.1666856777729742,1.1641371,1.166900632675628
2006-05-26,1.1913033,1.1767782682926973,1.158501849417881,1.1565702960309698,1.1555057,1.1573830044385833
2006-06-05,1.1619705,1.1536461738089583,1.1333979772777019,1.134715018626881,1.1316326,1.1338166845426179
2006-06-12,1.164094,1.1552827365848273,1.1349295378696347,1.1364208044409927,1.1330526,1.1353754572454302
2006-06-19,1.1765193,1.1647483189150964,1.1441692353143542,1.1453804278801303,1.1425593,1.144625934451975
2006-06-26,1.2029694,1.1855958146142884,1.1682261958120543,1.1668929189192985,1.1659167,1.1675878278170184
2006-07-03,1.199298,1.1825691439433592,1.1647166694780273,1.164058133342779,1.1627471,1.164433432667706
2006-07-11,1.1669182,1.154529230451424,1.1347657414782477,1.1361839219773722,1.1311201,1.1346445923668942
2006-07-18,1.1922388,1.1792119962496146,1.1572198058869954,1.157386758582077,1.1502708,1.1555482128555747
2006-07-25,1.1975095,1.1836415280770975,1.1617765924071788,1.161370222338312,1.154512,1.159813204761852
2006-08-01,1.1992979,1.1853469986828595,1.163453263566659,1.1628541578091947,1.1560614,1.1613819911708894
2006-08-08,1.2107825,1.1965960245317726,1.1732969640753284,1.173626948916385,1.1656989,1.1714756702119136
2006-08-15,1.2248074,1.2118945878546636,1.1846020563923192,1.18718171875476,1.177924,1.1838182911567112
2006-08-22,1.229137,1.217129809652822,1.1889083610421791,1.1916335644514735,1.1820341,1.1881070645733884
2006-08-29,1.2284781,1.2160851233892396,1.188220724972665,1.1908558148788364,1.1814228,1.187425085103548
2006-09-06,1.2445745,1.2399862486269795,1.2064359468280024,1.2093394114219407,1.1958826,1.2043842760799552
2006-09-13,1.2527895,1.2522632626297454,1.215713950801738,1.2187260477742612,1.2030959,1.212952438714427
2006-09-20,1.2644181,1.2696989585660674,1.2300093119323268,1.2329928943394501,1.212426,1.2253645920026224
2006-09-27,1.2755746,1.2865035413020636,1.243373087894003,1.2461824450300496,1.2213964,1.2370173573027892
2006-10-04,1.2773708,1.289160900901949,1.2454568521122509,1.248226502686385,1.2229445,1.2389043048315447
2006-10-11,1.2913626,1.3103349585213144,1.2626214463929357,1.2659488135734627,1.2343711,1.254064803793931
2006-10-18,1.3080031,1.3356622817210684,1.2818658835467784,1.2874092365876064,1.2478056,1.2717682869121696
2006-10-25,1.2939157,1.3140843729067253,1.261959402116164,1.2681917455560947,1.234086,1.2543956990943022
2006-11-01,1.313297,1.3436094172657125,1.28538562523858,1.293968164965798,1.2530313,1.2769256274961436
2006-11-08,1.3237913,1.359714022973013,1.2957806001069534,1.3071986635355621,1.2629796,1.288024492384242
2006-11-15,1.3323004,1.372824149200045,1.3055969162269965,1.3180267136349628,1.2713692,1.2976455725107205
2006-11-22,1.3286127,1.3671243470540377,1.3008879144801893,1.3128757408352767,1.2678859,1.293269026823574
2006-11-30,1.3345693,1.3756936506322723,1.3073153361610756,1.3195399487142332,1.2737861,1.2996009202596877
2006-12-07,1.3530998,1.4041564474758124,1.3289213297952411,1.341351956868933,1.2918206,1.3200049062776076
2006-12-14,1.3463782,1.3940662255037286,1.3203852990047238,1.3331952384012564,1.2860652,1.3126566120912322
2006-12-21,1.3463782,1.3940508063293178,1.3203843548777614,1.3331672747627832,1.2860619,1.3126501759284124
2006-12-29,1.3411494,1.3859299022707547,1.3133174615166405,1.3265089045993976,1.2813779,1.3066182991466013
2007-01-09,1.3596877,1.4146657896715011,1.3337854526924853,1.350271518120584,1.2971387,1.326333999079539
2007-01-17,1.3685292,1.4284643584259955,1.345247080857681,1.3617841517927207,1.3050187,1.3364601801643032
2007-01-24,1.3666282,1.4254878404204925,1.3426485475732455,1.3593210415416612,1.3033437,1.3342611155830972
2007-01-31,1.3805082,1.4472045626159054,1.3581685015765432,1.3758722093005822,1.3147135,1.3485489369123869
2007-02-07,1.3843108,1.4531841999696293,1.363485859242441,1.3807587497695808,1.3178914,1.3528999542105669
2007-02-14,1.3867825,1.457076227040237,1.3666628926463031,1.3837116101644444,1.319923,1.3555696055050224
2007-02-22,1.335825,1.3767655417463844,1.3012707174645535,1.315643235201172,1.2771803,1.2980966807929255
2007-03-01,1.3380123,1.3783479475654337,1.3026588732468012,1.3169142290715992,1.2786856,1.2994901490984854
2007-03-08,1.325938,1.3695670781283835,1.29371151174275,1.308875887621731,1.2679175,1.2903048011145366
2007-03-15,1.3666079,1.3971830416182445,1.324629431109636,1.3372028129436475,1.3005017,1.3208788828259967
2007-03-22,1.3550589,1.3898127880729385,1.3152056302428337,1.3289949892104571,1.2905738,1.3117201767574642
2007-03-29,1.3767256,1.4088857870395657,1.3325509024228697,1.346744906476614,1.3102163,1.3299446885175699
2007-04-05,1.3870335,1.4198474808715138,1.3425694744539953,1.3560278219271453,1.3191483,1.3393528064280737
2007-04-13,1.418531,1.4614000424602631,1.3760080465071032,1.387707260259958,1.3512108,1.3717420842959334
2007-04-20,1.4272164,1.4733586102359897,1.3843232030840873,1.396591161676933,1.3593405,1.3801833988794745
2007-04-27,1.4404836,1.4938549919858353,1.398608356172034,1.411060168711669,1.3722451,1.3940533636301247
2007-05-04,1.4399108,1.4929640062598777,1.3979329869484223,1.4104199044072792,1.3716925,1.3934363912248193
2007-05-11,1.4567105,1.5167465220350198,1.4164105915328273,1.4284565972800067,1.3876487,1.4108932871629607
2007-05-18,1.447833,1.5040312533105507,1.406897166660376,1.4186825401347039,1.3788712,1.4015528201843654
2007-05-25,1.4708359,1.5392066697305131,1.4322601165650874,1.4449340263646386,1.4001278,1.425757964566078
2007-06-04,1.4441111,1.497734837197285,1.4022758428206674,1.4132305245351142,1.3742162,1.3966598270248798
2007-06-11,1.4655762,1.5208455433771135,1.423321551470327,1.4323282549299363,1.3921214,1.4159698074591311
2007-06-18,1.4362438,1.4912756323848628,1.393334822467594,1.407006180143831,1.3664094,1.389045850305749
2007-06-25,1.4550318,1.5085484173736015,1.4093343842606019,1.4231792585963499,1.3818487,1.4049167345665914
2007-07-02,1.4466928,1.5013200313135486,1.4018412627004915,1.4161120227493191,1.3746647,1.397671989396785
2007-07-10,1.483406,1.5354411749894892,1.4367336608503476,1.4479999155317904,1.4089565,1.4313429778223217
2007-07-17,1.4503349,1.5019927074060404,1.401048596982513,1.4188015122499593,1.3792212,1.3999372427654166
2007-07-24,1.3968465,1.4510855048239872,1.3594977609026773,1.3746760732198924,1.3354228,1.3567857393094918
2007-07-31,1.4164969,1.4657634234214683,1.371309160396537,1.3871233701427774,1.3473302,1.3688410358090908
2007-08-07,1.3708684,1.4372112422869012,1.346025683311512,1.3608620623095358,1.3172336,1.3417069988199537
2007-08-14,1.3892733,1.4476209275999672,1.3557433663216654,1.3708199947958875,1.3265624,1.3513756955127507
2007-08-21,1.377675,1.4414063483352448,1.3503763987495305,1.3640793026486986,1.3196516,1.3450866836872815
2007-08-28,1.4166892,1.4633428562264077,1.372239418871356,1.3864461447773626,1.3489097,1.3693733863494755
2007-09-05,1.4174563,1.4637849396987994,1.3726648812775324,1.386894125922138,1.3495208,1.3698617278057725
2007-09-12,1.470082,1.5007706435277457,1.405527570526143,1.4212047830327577,1.3925683,1.406347131273909
2007-09-19,1.4657874,1.4978461626981165,1.4024881058234375,1.4186324379361064,1.3895371,1.403491936377882
2007-09-26,1.4811016,1.5086547868841003,1.4141997034853953,1.42924325785755,1.402637,1.4152553575038351
2007-10-03,1.5046016,1.5289135025317324,1.4344486131148542,1.4473620824322317,1.4230771,1.434827880491432
2007-10-10,1.4856282,1.5119540601432868,1.4164761684309204,1.431908613644261,1.4058567,1.4179805983299574
2007-10-17,1.4589493,1.4879270140954801,1.3967633275954776,1.4086889242160663,1.3850355,1.3967918541118751
2007-10-24,1.4894807,1.5165525373858963,1.4152629038863935,1.4313133703765664,1.4022883,1.4161208911620784
2007-10-31,1.4245659,1.457790300810033,1.3722477497654637,1.3812022957654635,1.3537655,1.369007968106348
2007-11-07,1.4222541,1.4561846571807509,1.3709159018247017,1.3797784790530805,1.3527474,1.3677664213263951
2007-11-14,1.3645625,1.4230146087596143,1.3394640372325608,1.347953617420206,1.323633,1.3370028195860322
2007-11-21,1.4175351,1.4538059649960624,1.3695430912286604,1.377955869484642,1.3473257,1.3647619123331125
2007-11-29,1.4537492,1.4711635217370884,1.3909355332384967,1.3957215749538412,1.36976,1.385201064429685
2007-12-06,1.4356418,1.4625303234292095,1.3799764167472472,1.3863141678881865,1.3565469,1.3741172026909185
2007-12-13,1.4138752,1.4517609782870928,1.3683307332140964,1.3746915513265403,1.3445946,1.3623825371808473
2007-12-20,1.4262199,1.4584819024738216,1.3756789746117914,1.3820019209663843,1.353964,1.3703356201967363
2007-12-28,1.3670605,1.4221906009901062,1.3354513026519605,1.3441704864563297,1.3096393,1.3296348670567728
2008-01-07,1.3679317,1.422761688437921,1.335992890411257,1.344721347053795,1.3101208,1.3301595960646861
2008-01-14,1.2656854,1.3435489006947434,1.2773816738180808,1.2769319900687435,1.2528142,1.2691024764664611
2008-01-22,1.3159372,1.3767613132086576,1.2973916372101404,1.3066714245396531,1.2714888,1.2914215157562967
2008-01-29,1.2987025,1.3667241238910994,1.2896216908900362,1.296875013156349,1.2630467,1.2827957430199546
2008-02-05,1.3070294,1.3709705515148614,1.293239959268958,1.301197565262079,1.2665863,1.2866061359057817
2008-02-12,1.3160338,1.375932744386701,1.2973713856174738,1.3065127777817218,1.2713284,1.29130943244363
2008-02-20,1.3383034,1.390187451542752,1.3077845315661962,1.3214726573732642,1.2858883,1.304444292602149
2008-02-27,1.2957976,1.3595071867380917,1.2835791420435676,1.2907875984440422,1.2537214,1.2756540183391347
2008-03-05,1.2718825,1.3411163775333876,1.2697617233449303,1.273727867895242,1.2403129,1.260983743743727
2008-03-12,1.2618127,1.3345800568701287,1.2643969872874372,1.268189558496581,1.2350461,1.2555964131310278
2008-03-19,1.2919962,1.3495404704381082,1.2777023742504718,1.2817112167727962,1.2478245,1.2687924883660038
2008-03-27,1.3334472,1.3688668934455348,1.2990798424390002,1.3017102777540603,1.2743429,1.291252749928753
2008-04-03,1.3235222,1.3645259747818785,1.2937330881836036,1.296940456247312,1.266761,1.285471530518085
2008-04-10,1.3335447,1.3691626288362344,1.29946294278758,1.3026490948715805,1.2744892,1.2917928338331468
2008-04-17,1.3459023,1.3751376406687286,1.3073721641554326,1.3094816109098069,1.2831393,1.299564656628875
2008-04-24,1.3731475,1.3937664014527351,1.3252333997802346,1.3268123941959074,1.2997413,1.3168320697526996
2008-05-01,1.3540757,1.377917387657814,1.3110930167096333,1.3145455724665924,1.2860258,1.3034858476220283
2008-05-08,1.3868672,1.402507689893426,1.3355679965696694,1.3367073488845895,1.3098727,1.326953684558985
2008-05-15,1.3574808,1.3797334607206662,1.3119772913330638,1.3155131660996013,1.2868221,1.3043718794329238
2008-05-22,1.3656543,1.3869270659935955,1.3185166243875428,1.321608742021893,1.292658,1.3105246790428466
2008-05-30,1.3261495,1.3536692138607875,1.285528966404074,1.2903623476933297,1.2644027,1.2797656736741314
2008-06-06,1.3247868,1.3527017036589932,1.284528536154523,1.2895108084144236,1.2636127,1.2788898370986541
2008-06-13,1.286723,1.326756087444821,1.2583337123077019,1.265563033048947,1.2381052,1.2536991754501785
2008-06-20,1.2471186,1.3002145306470692,1.2302103809341571,1.2388621610152868,1.2120762,1.2267705729563507
2008-06-27,1.222573,1.2842757343867475,1.2136655630972362,1.2230055567854055,1.1968918,1.210921305177579
2008-07-07,1.2000809,1.270103940456788,1.2005161644322937,1.2075382433742639,1.1871989,1.1983920095316098
2008-07-14,1.2326456,1.293478075026932,1.2183305691772481,1.2289071174503488,1.2032014,1.2166663294177484
2008-07-21,1.2090784,1.2783429545520186,1.2051467841394294,1.21399528498014,1.1902655,1.203020194360479
2008-07-28,1.2222798,1.2862749243411258,1.2128623178332103,1.222288896393415,1.1979718,1.210921368217502
2008-08-04,1.2782152,1.320027424387666,1.2486104999616772,1.2561300778299354,1.2341383,1.2461595419281881
2008-08-11,1.2555287,1.3075082702529934,1.235667015525573,1.2436188436139304,1.218222,1.2324597377266269
2008-08-18,1.2421312,1.2993818816357,1.2270548211333188,1.2354496641211792,1.2091717,1.223860978747469
2008-08-25,1.2516168,1.3050469902401753,1.2329528297241565,1.2412200830507014,1.2156259,1.2298953246052242
2008-09-02,1.2049711,1.2740709412470275,1.2033915044602475,1.2106502293682364,1.1846292,1.1995274102649542
2008-09-09,1.1940185,1.2677894654075297,1.1978109555434047,1.2050144636889468,1.1803651,1.1944104684648802
2008-09-16,1.1660132,1.2547418390402882,1.1869571621367372,1.1930292991349358,1.1688013,1.182957430708434
2008-09-23,1.140834,1.2458475132960993,1.1788836820823785,1.1842783087865894,1.1579002,1.173793030476294
2008-09-30,0.98385745,1.2022142557752673,1.1304804302133866,1.1415456725399766,1.0896262,1.1217113191379673
2008-10-07,0.98208696,1.201719276505801,1.1299270513690531,1.1410310285936693,1.0889364,1.121129438319279
2008-10-14,0.94284326,1.1939512031176285,1.1213760173888518,1.1332963235297684,1.0765704,1.1117661918135726
2008-10-21,0.92218804,1.1900922108784378,1.11596772482967,1.1292407204507515,1.0700238,1.1065237237432584
2008-10-28,0.98759544,1.200940421994409,1.1283494948407486,1.1408859596304934,1.0834453,1.1190055306597153
2008-11-04,0.88294417,1.1837062476832887,1.1041613599886158,1.1201710982542703,1.0526546,1.0940726378467156
2008-11-11,0.85648644,1.1787547337745725,1.0971746895386203,1.1140022658019628,1.0458426,1.0874169820336879
2008-11-18,0.84251946,1.1754340058562665,1.0934061071910532,1.1105665650644732,1.0428187,1.084015646653721
2008-11-25,0.85884696,1.1790552241203114,1.0977372054443442,1.1141900796152613,1.0464475,1.087871103685427
2008-12-03,0.8862882,1.1852097772584609,1.1063191726691095,1.1201713034930079,1.0542634,1.0952608317552692
2008-12-10,0.8949435,1.187191952430589,1.1090049186031599,1.1222887570882951,1.0561541,1.0974772969441322
2008-12-17,0.85927427,1.178402839557457,1.0976301859889581,1.1125204026322817,1.0475985,1.0876263066326464
2008-12-24,0.92174166,1.1981961843463522,1.1262087682956132,1.1335539641382677,1.0695022,1.1112845144342605
2009-01-02,0.8833689,1.1808734927569353,1.109567303990274,1.119796959294977,1.0554472,1.0964962889894834
2009-01-09,0.8434097,1.1586527456853812,1.0936838485196352,1.1033443402129142,1.0421433,1.0813255005471587
2009-01-16,0.8297261,1.1510533971966719,1.0876728728777787,1.097016451489389,1.0371418,1.0755638082715655
2009-01-26,0.81881917,1.1456731642669935,1.08290918846408,1.0924067463861422,1.0336709,1.0713163487875599
2009-02-02,0.8636372,1.165974925923313,1.1035082459604086,1.1120381434803819,1.0476844,1.0891787654344744
2009-02-09,0.78550345,1.130568701152709,1.0709257549509097,1.0754213669791584,1.0240934,1.0587123679589785
2009-02-17,0.7682503,1.1229338025841893,1.064328604999669,1.0676760122811082,1.0182805,1.0520283230396514
2009-02-24,0.6947768,1.086976878878941,1.0308515438156085,1.0345974221464873,0.9901162,1.0204860297186662
2009-03-03,0.715599,1.0975741077895493,1.0404465224943082,1.0446154480934604,0.9979216,1.0295921098062972
2009-03-10,0.7751909,1.1225734540514927,1.0660600137774068,1.069209333965274,1.0159761,1.0521277109858025
2009-03-17,0.8049061,1.134532190160596,1.0795741649219943,1.081590484128975,1.0274894,1.0645938595532198
2009-03-24,0.7941215,1.1307468733904789,1.0747967997542531,1.0777018309453403,1.0233371,1.06032982795859
2009-03-31,0.81539226,1.1385434803140593,1.0844635574235884,1.0861666291830887,1.0316133,1.0691281948835543
2009-04-07,0.8513435,1.1524353778452525,1.1014883533651374,1.1015145257956136,1.0455258,1.084533312810012
2009-04-15,0.8442534,1.1494852902507868,1.09772132741059,1.0983684714727868,1.0425973,1.0812653174125173
2009-04-22,0.8727144,1.1611610175061762,1.1115357949433426,1.1112540986974673,1.053591,1.0937978589091781
2009-04-29,0.9201501,1.1852008140450228,1.1367041159704108,1.1348824211830966,1.0744337,1.1169832362733971
2009-05-06,0.885597,1.1669588205585928,1.1169771847228234,1.117411836581312,1.0589507,1.0994769002514064
2009-05-13,0.9038724,1.1771759796067431,1.1275718502229954,1.126951485729677,1.0666056,1.1086748524622358
2009-05-20,0.90796643,1.1797247597055873,1.1300254881375142,1.1292335767399806,1.0684183,1.1108438788545019
2009-05-28,0.94401795,1.2011748540166727,1.151454539024833,1.1496796957883226,1.0843157,1.1299766808916178
2009-06-04,0.9469137,1.202928352121893,1.1532983226954683,1.1513595085354835,1.0857342,1.1316172974065235
2009-06-11,0.92094845,1.1848637871453198,1.1367129639606919,1.1334963336757482,1.0730536,1.1160456287468254
2009-06-18,0.924745,1.18781866972789,1.1394350988483297,1.136210865345375,1.0752419,1.1185787930651796
2009-06-25,0.9019479,1.1713498609932593,1.1234986136511529,1.1213392084805456,1.0622659,1.1040104116204672
2009-07-02,0.88336897,1.1569323833306713,1.1110159470452736,1.1090708685668456,1.0522679,1.0924637646962594
2009-07-10,0.9453332,1.2047204673924374,1.1592923565957567,1.1550957256289778,1.088152,1.1355840044499805
2009-07-17,0.98480105,1.2315039904525722,1.186402614068083,1.180898791590041,1.1117822,1.1611055571160012
2009-07-24,0.9923339,1.2367395435020756,1.1919053133716933,1.1860239390238563,1.1168358,1.1663376401723329
2009-07-31,1.0163363,1.2546290649920806,1.2105023313974381,1.204710233451198,1.1317809,1.1836906696627418
2009-08-07,1.012218,1.2512199848011072,1.2075523722347388,1.201383788640525,1.1291791,1.1807477589025717
2009-08-14,1.0341121,1.2740007454426232,1.2247030860529637,1.2199236079334221,1.1419733,1.1967450420639523
2009-08-21,1.0382292,1.27738449257935,1.227764974762267,1.2228965265940612,1.1445798,1.1996323618687885
2009-08-28,1.0249729,1.265127680947267,1.2177185473688223,1.2115381671763106,1.1364505,1.1898678280069857
2009-09-04,1.0573107,1.2923759328960738,1.2426587493046175,1.2371783935671379,1.1573143,1.213629060622123
2009-09-14,1.074153,1.3070234395394924,1.25496113834742,1.2516201571502563,1.167732,1.2259334638969346
2009-09-21,1.0728412,1.3056807157440717,1.2538790122901031,1.2503985491550336,1.166842,1.2248761535886177
2009-09-28,1.0496324,1.2829371949213062,1.2346679082175898,1.2302439324880126,1.150842,1.2064879816398655
2009-10-05,1.086564,1.3167416369655862,1.2601993308280894,1.2591137973166107,1.1714523,1.2312931147170771
2009-10-12,1.1078559,1.3368786370389598,1.2780074632460916,1.2769025468284816,1.1861603,1.2480187332853845
2009-10-19,1.0787945,1.310518557746988,1.2554238013894972,1.252146275170477,1.1655613,1.2254106919771535
2009-10-26,1.0526599,1.2877933765037806,1.2373586758466604,1.2298536789587915,1.1488227,1.2064934905047775
2009-11-02,1.1056356,1.3283283732534896,1.2757971737024847,1.264288727680337,1.1830161,1.2421899156046836
2009-11-09,1.1221846,1.3401290701947401,1.2888011634526033,1.2748191100847128,1.1948549,1.25395480347894
2009-11-16,1.1182495,1.3373399905087628,1.2856333333842491,1.2720653655495986,1.1921101,1.2510707399767933
2009-11-23,1.1230927,1.3407722717544968,1.2893138019984467,1.2757127874588035,1.1954927,1.254649541596303
2009-12-01,1.1060399,1.327441505412214,1.2776607956791965,1.262364779225161,1.1845158,1.2426839419419262
2009-12-08,1.1235973,1.3445687913804698,1.290394735190407,1.2774393713004468,1.1968033,1.2560152027151263
2009-12-15,1.1335019,1.355841165062641,1.2989655136419553,1.2868296050325823,1.2048395,1.2646757403179032
2009-12-22,1.1415162,1.3653834339903694,1.3065661537976174,1.2945656679367485,1.211749,1.272092801053309
2009-12-30,1.1584585,1.3900614806208669,1.3271561710091069,1.3130584354201593,1.2268546,1.2900350023492297
2010-01-07,1.1659658,1.4001978104754285,1.3356049664195917,1.3207286258216142,1.2337604,1.297700206455459
2010-01-14,1.107936,1.321118684237179,1.2641245672393904,1.2590065622102593,1.1829847,1.236890860160187
2010-01-22,1.0894722,1.3035695078558263,1.2470123252323735,1.2451083190193348,1.1709604,1.2226728981430424
2010-01-29,1.0820664,1.2968200770479832,1.2409971392173298,1.2391138065377771,1.1655533,1.2168795041955889
2010-02-05,1.0960662,1.3073313720197102,1.251787429884062,1.2484446816114314,1.1763211,1.2271772394661689
2010-02-12,1.1277189,1.3303356674753284,1.2745547642598642,1.2718444054657827,1.1970707,1.2495042587384741
2010-02-22,1.1351248,1.3357859909898995,1.2808558322793158,1.277794777017057,1.2026124,1.2554374951702618
2010-03-01,1.1592698,1.3554645407149868,1.301238737214665,1.2982590791136996,1.2251499,1.2765806070328596
2010-03-08,1.1716467,1.366449637580183,1.314300192799709,1.3094310935687192,1.2362411,1.2883463865437486
2010-03-15,1.187677,1.3871582371635596,1.3313769775584567,1.3258721094034778,1.2515264,1.304624381179584
2010-03-22,1.1951135,1.398296969554164,1.338872795759656,1.3338921688931709,1.2586892,1.3121971247225936
2010-03-29,1.2126349,1.4271236841846175,1.3568475438173293,1.3538492827091961,1.2749033,1.330218076573262
2010-04-06,1.2206826,1.440400695475566,1.3657240466250589,1.3632551051838244,1.282754,1.3389192096519327
2010-04-13,1.2313784,1.4593039170029591,1.3775099164618243,1.3763745295867382,1.2934991,1.3507834746102434
2010-04-20,1.2069304,1.4243739136384652,1.3541052810890335,1.351132383811969,1.271944,1.3273926807799097
2010-04-27,1.1971513,1.4132931049766948,1.3455728220586993,1.3426670009901238,1.2649813,1.3194272317467506
2010-05-04,1.1799358,1.398857721160473,1.3310688204097723,1.3307111722509002,1.2522771,1.3063992481451445
2010-05-11,1.144995,1.3792075299608895,1.3176768555345184,1.3135581046592022,1.2392962,1.291984187973388
2010-05-18,1.0983396,1.3537035232771368,1.295021285079753,1.288267774307864,1.2146857,1.267781018676707
2010-05-25,1.1239085,1.366299440814418,1.3051972189539778,1.301814479413004,1.2257055,1.2792979956125143
2010-06-02,1.080309,1.346474775382343,1.2855381591190578,1.280636742634895,1.1987708,1.2568797272946162
2010-06-09,1.140513,1.3754148845189968,1.3166930837374435,1.3113764042170621,1.2296606,1.2878810419091804
2010-06-16,1.1179965,1.3641089752152968,1.303678817296671,1.2997475903471387,1.2141812,1.2745722869102978
2010-06-23,1.0564827,1.3286878923554037,1.2635337925958028,1.262555177746043,1.1663986,1.2330088205634555
2010-06-30,1.0968091,1.3527576441864224,1.2884633492586415,1.2865226289070015,1.1804185,1.25337839108801
2010-07-08,1.1226027,1.369871566053569,1.3045306249328172,1.3015302179328165,1.195389,1.2687477653551495
2010-07-15,1.120351,1.3682376898897228,1.3028645325041301,1.3000191082955186,1.1938658,1.2671792444755248
2010-07-22,1.1288463,1.373587243653449,1.3083700156872728,1.3050838765444654,1.1988741,1.2723782821400313
2010-07-29,1.1550484,1.3907251804437202,1.3264791151731048,1.3230589875187682,1.2154536,1.2899553658674126
2010-08-05,1.1118554,1.3605948506855388,1.2923037750602238,1.2919716421024126,1.1845832,1.257879160812063
2010-08-12,1.1041789,1.3547810387265524,1.2871463159970464,1.286616701800158,1.1804285,1.2530104957462522
2010-08-19,1.0770555,1.3325764322937952,1.266660116679149,1.266610153865534,1.1610805,1.2330263078043693
2010-08-26,1.120453,1.3722896228926695,1.2995901169466235,1.301854836235946,1.1919833,1.2660753940691338
2010-09-02,1.1410258,1.3882738886385044,1.3159139550068188,1.315619382397838,1.2063401,1.2808892089506676
2010-09-10,1.1575273,1.4005055950735783,1.330356037379857,1.3277156696905037,1.2188001,1.2938760264553417
2010-09-17,1.1815033,1.4208380748703324,1.3517747921025296,1.3477996650697672,1.2383482,1.3142528943508809
2010-09-24,1.1793427,1.4190694526753316,1.3500300765587243,1.3461155053632636,1.2367352,1.3125696818001922
2010-10-01,1.1992022,1.4367620953946243,1.3670404109013405,1.3638550127483797,1.2544954,1.330105099665765
2010-10-08,1.2111382,1.4499024901176965,1.3780271080138635,1.3743547371600369,1.2649764,1.3407842079965446
2010-10-15,1.2178274,1.457527947141258,1.3838671189387646,1.3809207431236363,1.2707154,1.3468440496847696
2010-10-22,1.2192678,1.459142878777812,1.3852277529772588,1.3823499234482794,1.2720163,1.34820927542657
2010-10-29,1.2627945,1.5199143323910538,1.4291866764642414,1.4315070791099742,1.3124015,1.3926549514012339
2010-11-05,1.2368636,1.482973905446517,1.4049598924772546,1.4059069188400768,1.2918904,1.3692647412966337
2010-11-12,1.2377901,1.4841837728596285,1.4057171745939434,1.4068361587231946,1.2926258,1.3700724434408271
2010-11-19,1.2261621,1.4697697526001083,1.3946715417792452,1.395918729990009,1.2822102,1.3592719618748355
2010-11-29,1.263206,1.5075736739187455,1.4257066059770596,1.4282110191138142,1.3112205,1.390083338544012
2010-12-06,1.281728,1.5238988268856404,1.4432554171023722,1.4434542109728719,1.3266169,1.4061518916139968
2010-12-13,1.2888823,1.5307803340639272,1.4503367978912083,1.4501640754479663,1.3333607,1.413008352966899
2010-12-20,1.301606,1.5442944798005191,1.4642182801695107,1.4635680458943052,1.3452119,1.4260527411619797
2010-12-28,1.3135015,1.5602840032103436,1.4807677574615012,1.4773766134051993,1.3559375,1.4395671740819123
2011-01-04,1.3181565,1.5684655179411588,1.4864409411615989,1.4829375228986261,1.3603348,1.4447696367296177
2011-01-11,1.3266383,1.5836043762107481,1.4973508625280993,1.4937587634646594,1.3683581,1.4546093735979886
2011-01-19,1.3413272,1.6099055381079599,1.5161251803996503,1.5110459335855364,1.3826195,1.471311675822444
2011-01-26,1.34981,1.6251775174462777,1.5268184628064738,1.5216866785821108,1.3904604,1.4809688796719782
2011-02-02,1.3682221,1.649038065161196,1.5492195106785762,1.539550073872289,1.4064906,1.4995847158129518
2011-02-09,1.3845658,1.6710067099091495,1.569828529601597,1.5570783923031586,1.4222379,1.5174668800589304
2011-02-16,1.3543608,1.6290835759719529,1.5306706889200565,1.5224465269590732,1.3925433,1.4831322279662535
2011-02-24,1.3806351,1.6604172189963016,1.555564736767345,1.548622324087729,1.4128417,1.5068242130352345
2011-03-03,1.34412,1.6216616931404768,1.519334056122332,1.5179185324432822,1.3811374,1.4740008104219746
2011-03-10,1.3225008,1.6001711339656048,1.5004765933028767,1.500356142104609,1.3658335,1.4567929751766266
2011-03-17,1.3599335,1.6320775238836758,1.524111930372717,1.5287337446175346,1.3914292,1.4826386541453354
2011-03-24,1.37749,1.6472775501959296,1.5372548528743573,1.5428101894996922,1.4044442,1.4960653435347808
2011-03-31,1.3850746,1.6543588282665473,1.5447544324105784,1.5496541349244597,1.4111716,1.5030927997370873
2011-04-07,1.36679,1.6349336059478177,1.5284282955785342,1.5306996032435418,1.3927206,1.4852078847321486
2011-04-14,1.3898535,1.664307046403922,1.5497466328118765,1.5566865992338241,1.4145958,1.5082299137650736
2011-04-21,1.4173851,1.7082979183419107,1.5758964340239785,1.584731653227993,1.4372933,1.5338139368885453
2011-04-29,1.3942171,1.6702440982396265,1.5460609846435667,1.5596247143292734,1.4193587,1.5100091012802717
2011-05-06,1.3925546,1.6676727465757704,1.54451603319287,1.5577800944361346,1.418266,1.5085525963615554
2011-05-13,1.3880872,1.661503143453722,1.5401649970749418,1.5530409297547683,1.4139498,1.5040831175283864
2011-05-20,1.3870487,1.6600881897878679,1.5390687628731974,1.551918785405631,1.4129715,1.5030184205585824
2011-05-27,1.3406093,1.5917260937384012,1.4922200929210634,1.5006328412936885,1.3712922,1.4564915412986925
2011-06-06,1.326688,1.5769369937338489,1.4798881631336773,1.4885221762337306,1.3612409,1.4450181447885968
2011-06-13,1.3332653,1.5839411673640076,1.4863526684826538,1.4944709097860216,1.3667471,1.4509906479891046
2011-06-20,1.3357713,1.5863480240398165,1.4884954000304942,1.4966571853562831,1.3687773,1.453113961686389
2011-06-27,1.3970573,1.6424876662481023,1.5390057457064066,1.5497700659480875,1.4169528,1.503778185537749
2011-07-05,1.3718956,1.6190210958594171,1.5137931068462853,1.528907591128617,1.3940712,1.4808186456331143
2011-07-12,1.3857821,1.6313391233991856,1.5249650258949103,1.5402186752556295,1.4051268,1.4920223064017075
2011-07-19,1.392046,1.6372324610925566,1.5302935792153307,1.5453330956055709,1.4106518,1.4973534168010725
2011-07-26,1.3101914,1.5594968408126415,1.450737011895756,1.4729771189783494,1.3343089,1.4211643828140548
2011-08-02,1.2265624,1.4896132726536586,1.393742351447549,1.413202160485865,1.287702,1.3668955342466151
2011-08-09,1.2485923,1.4985033512052748,1.4017845773737547,1.4204584138799512,1.2939003,1.374037315640067
2011-08-16,1.2157043,1.4871353344446685,1.3877898893265694,1.4096780046572592,1.2798214,1.3611524621945579
2011-08-23,1.2704133,1.504844429575774,1.4087987519589604,1.428537458759595,1.3007686,1.3814498781600253
2011-08-30,1.2559005,1.5004041854777121,1.403114310409503,1.4230567880304095,1.2932887,1.3752810561338369
2011-09-07,1.2462956,1.497322738730214,1.3994177901685916,1.4191256691985927,1.289272,1.371398069025001
2011-09-14,1.2239877,1.4866473748094955,1.389896141796402,1.4089160058784458,1.2787586,1.3613005799292022
2011-09-21,1.208351,1.4783325851789124,1.3820086574625792,1.4013305975797234,1.2706318,1.3534176650781977
2011-09-28,1.2007946,1.474439366105346,1.3785728382716098,1.397750616564626,1.2672532,1.3499454601540346
2011-10-05,1.2672259,1.5070987868507928,1.407983185127252,1.428054189878063,1.2954444,1.3793069225886383
2011-10-12,1.2712137,1.5090161478136517,1.41002816290173,1.4299033765954965,1.2977611,1.3813726856747812
2011-10-19,1.3044815,1.5245122956547388,1.427265533051545,1.4463403222003346,1.3148894,1.398350664859346
2011-10-26,1.3012283,1.522840464520875,1.4255485593211181,1.444615565772869,1.3130305,1.3965805571605223
2011-11-02,1.2925177,1.5186178399356898,1.4214686017291915,1.4406284798159332,1.309579,1.392742870119937
2011-11-09,1.3021729,1.5233976224648538,1.4260223304260269,1.444915109493642,1.3143092,1.3972754687456737
2011-11-16,1.2232531,1.484656796240995,1.385353843150328,1.405509499267285,1.2732645,1.3568099844348602
2011-11-23,1.3115132,1.5292867759471473,1.4331973727885559,1.4530968599289353,1.3191661,1.4040329593583794
2011-12-01,1.3008085,1.5241539902575414,1.4277989999276424,1.4481439204200908,1.3145633,1.3990466752205044
2011-12-08,1.2822335,1.51464724711481,1.4174876697184928,1.4383981778928632,1.3054239,1.389302110447692
2011-12-15,1.3229994,1.5382838115649906,1.441557548380745,1.4622230303012154,1.3276427,1.412716776286967
2011-12-22,1.3254286,1.539645015911713,1.443011541590769,1.4636283954460267,1.3288335,1.4140687722715666
2011-12-30,1.3520421,1.556086117434476,1.4652397466508529,1.481027091262092,1.3465182,1.4330972954360568
2012-01-09,1.365983,1.566498039290212,1.4764267215284548,1.4913371418263652,1.3557119,1.4433243482422755
2012-01-17,1.3883729,1.5868388117566148,1.4934854606550385,1.5103312497224721,1.3698814,1.4599960463359891
2012-01-24,1.3868942,1.5848738161185325,1.4919559556896185,1.5089278882357993,1.3689027,1.4587111640111774
2012-01-31,1.4235418,1.6372331210035442,1.5231012038666345,1.5465247180142454,1.391689,1.4886793588323952
2012-02-07,1.427766,1.6437474737971558,1.5271027808248414,1.5507655498220807,1.3945295,1.4923293784165268
2012-02-14,1.4366378,1.6572225853960179,1.5359039565882842,1.5601953454465058,1.4007859,1.5003838987888634
2012-02-22,1.4470934,1.6736362530323776,1.5475168272157167,1.571621658881944,1.4079568,1.5102444425208474
2012-02-29,1.4330472,1.6505693322841593,1.5330786250179649,1.555016032326576,1.398138,1.4969305354508522
2012-03-07,1.4776151,1.7214837538126297,1.584259215250411,1.6014140783162385,1.4329025,1.5405882031419342
2012-03-14,1.487273,1.7338845511378873,1.5956098844386721,1.6104145749432932,1.439909,1.5495550349865688
2012-03-21,1.4900309,1.7377084239650071,1.599223874515157,1.6132658052354243,1.4418072,1.552263117187754
2012-03-28,1.4835607,1.7296939754905067,1.5920671800703794,1.6067468744403386,1.4370577,1.546212682770945
2012-04-04,1.4722104,1.7163565993111998,1.580645824259263,1.5951656280883,1.4289393,1.5359559322107927
2012-04-12,1.4608606,1.7042520973002429,1.5700835979956707,1.5854663046000108,1.4200004,1.5262430159321487
2012-04-19,1.4867432,1.7314230018150707,1.5933111640097275,1.607543839156769,1.4393258,1.5477643109721144
2012-04-26,1.47709,1.721470276333104,1.584142353756465,1.599173216051918,1.4314572,1.5392954447240073
2012-05-03,1.4428282,1.6862995162299308,1.5501210435605544,1.5664597719367084,1.4025366,1.50742450030843
2012-05-10,1.3880935,1.6259152478990608,1.5042231716460377,1.513980590301244,1.3606529,1.460783490269998
2012-05-17,1.4058073,1.6469313867601085,1.51946554027604,1.5299718883453581,1.3704453,1.474179362048187
2012-05-24,1.359453,1.5963869660993846,1.4813983024436261,1.4879932097363064,1.3339803,1.4353423980493685
2012-06-01,1.4118543,1.6429654274560634,1.5129865071456439,1.5254595429519204,1.3638878,1.468237565408888
2012-06-08,1.4302582,1.658282709615386,1.5268056142027835,1.5385601343791,1.3762254,1.4813323058941195
2012-06-15,1.4230081,1.652632415690963,1.5211812711351718,1.5332908838074557,1.3702826,1.4757161305818074
2012-06-22,1.4511567,1.6742849850942922,1.5426648659974886,1.553136788288358,1.3893393,1.4958573400443331
2012-06-29,1.4428399,1.668491466467893,1.537304063811241,1.547789005283296,1.3842926,1.4905981089223401
2012-07-09,1.4440125,1.6694272248673332,1.538291668211248,1.5486317029061996,1.385102,1.4914757865016584
2012-07-16,1.4403875,1.6664041453511629,1.5350715151274308,1.5458020682989881,1.3825015,1.488601807257823
2012-07-23,1.4786656,1.6984583379491127,1.5614305708709344,1.5773306326999887,1.405288,1.515314641264176
2012-07-30,1.4886885,1.707279479274592,1.5692794950723683,1.5848859686721113,1.4128711,1.5230002244134222
2012-08-06,1.5009502,1.718602043185962,1.579077920666117,1.5941653179657864,1.4210213,1.5320692702439602
2012-08-13,1.5160909,1.7331930159970301,1.5939655014359217,1.6075858836389405,1.4325153,1.545285790721905
2012-08-20,1.5091602,1.7257533628686341,1.5865326906836466,1.6006183763103183,1.4272912,1.5388079399333292
2012-08-27,1.5037225,1.7187951601808986,1.5806470861877329,1.59483678777301,1.4231653,1.5336012977397004
2012-09-04,1.5344301,1.7668829902310448,1.613507693685473,1.6293968253455033,1.4471236,1.563734123110746
2012-09-11,1.563325,1.811128261776001,1.6531768676699963,1.6573640579528768,1.4670656,1.5919033500478674
2012-09-18,1.5446582,1.7858402370370998,1.6293908692049572,1.6392657843162417,1.4529978,1.573670969701422
2012-09-25,1.5489454,1.7914970638088423,1.6342726254438464,1.6436375152066853,1.4562566,1.5778016666623087
2012-10-02,1.5457296,1.787358650674594,1.6308253176369334,1.6402036470819656,1.4537735,1.5747219298772133
2012-10-09,1.5600935,1.8087065644413862,1.6475710419693994,1.655383903563792,1.4659326,1.5893099430105668
2012-10-16,1.5159305,1.7390323113591626,1.5973147312422211,1.6101197750408887,1.429386,1.545606038626046
2012-10-23,1.5310442,1.7568795481996087,1.6113568994349965,1.6234519953923257,1.440401,1.558353056252389
2012-11-01,1.4796984,1.6920404681556784,1.558636844124824,1.573668353707881,1.3954058,1.5092201509286236
2012-11-08,1.4546154,1.6678462473982205,1.5364835503125893,1.554003889316983,1.3786684,1.4898011439462384
2012-11-15,1.5151795,1.7255849723154657,1.591302506026012,1.6059996376402759,1.4226961,1.5399417017482684
2012-11-23,1.5237548,1.7334150599125873,1.598553288005375,1.6128127672380714,1.4295226,1.5469293260651704
2012-11-30,1.5265424,1.7360182358627578,1.6012534683273851,1.6152850508737602,1.4315512,1.549330248474024
2012-12-07,1.5232191,1.732704632824934,1.5980675602754957,1.611877460011788,1.4288526,1.5462477237779535
2012-12-14,1.5414714,1.7551871004941508,1.618165917679521,1.6315732565013705,1.4445264,1.5646500190998143
2012-12-21,1.5373693,1.7495738992614243,1.6144667631532803,1.627592517762589,1.4408162,1.5608606770569573
2012-12-31,1.5712668,1.7921212429837154,1.646452361153579,1.657308055185128,1.4686816,1.5907244347123715
2013-01-08,1.5876755,1.808317774372883,1.6618410468714209,1.6706866661488224,1.4842474,1.6055023998258928
2013-01-15,1.6125052,1.8328965462013518,1.6881725202788014,1.6938150401824987,1.508358,1.6300240642256925
2013-01-23,1.6200616,1.8410747837687975,1.696990644815894,1.7015410712462842,1.5163256,1.6381927353179362
2013-01-30,1.631829,1.8542424365281822,1.7114120313500873,1.714552330680538,1.5263591,1.6505874597857295
2013-02-06,1.6425157,1.8721268453717559,1.7247059888513612,1.7252475166477492,1.5357722,1.66163210391496
2013-02-13,1.6238394,1.840191766388797,1.6983131866751722,1.7044613166457954,1.5185667,1.6404703836424575
2013-02-21,1.6366864,1.8593109043539677,1.714601546464979,1.7177456280915977,1.5290622,1.6536336641559135
2013-02-28,1.6709069,1.8969743338041156,1.7502640843094608,1.7471901995337973,1.5562963,1.6842566961976557
2013-03-07,1.6919584,1.9215735962326863,1.7775817144493966,1.7671024755831968,1.572796,1.7050666551689249
2013-03-14,1.6737851,1.8996772968214928,1.7540712328503314,1.7481486475200134,1.5552566,1.6852000965858716
2013-03-21,1.6988333,1.9285596167958958,1.7782508485161035,1.774421670561022,1.5746268,1.7083183512639177
2013-03-28,1.6824596,1.9028919164284215,1.7588971678029455,1.756828250831882,1.5587335,1.690740431657578
2013-04-05,1.7219296,1.969283475724872,1.7965114568461993,1.7989262630143723,1.5914339,1.7280568686785924
2013-04-12,1.6859294,1.9158090908338077,1.756434560206464,1.7613332065285638,1.5555564,1.6902088565648354
2013-04-19,1.7158575,1.9442569443201076,1.7861010807262376,1.7842722286798922,1.5791779,1.7154759948130096
2013-04-26,1.7497966,1.9777884968689872,1.8236206848555494,1.8135379750185727,1.6083722,1.7472757927671296
2013-05-03,1.7719172,1.9985856868058003,1.844020924801236,1.832723458500668,1.627502,1.7668617634496437
2013-05-10,1.8101946,2.0363334485921385,1.8922593201996334,1.8698642867727673,1.6604347,1.8058273447264779
2013-05-17,1.7925198,2.012645422346303,1.870139462263832,1.8528886930297024,1.6437396,1.787379864720832
2013-05-24,1.7821101,1.9971722487290302,1.8601718773771851,1.84191392719647,1.6359882,1.777930336138077
2013-06-03,1.7869902,2.003558400936054,1.8644830985170933,1.8465943662001598,1.6397471,1.7821768415130275
2013-06-10,1.7830864,1.9988906711335312,1.8607845537502707,1.8431153287062743,1.6363099,1.778655795800364
2013-06-17,1.7120737,1.9254326897465033,1.8056865015813537,1.783953703603132,1.5873104,1.724351295330273
2013-06-24,1.7589468,1.9638054311685742,1.8368466547628894,1.8165311243147246,1.6161597,1.755203166379674
2013-07-01,1.8000423,1.9960972911247463,1.8681684725135255,1.8479540560607082,1.6445085,1.7855608967200032
2013-07-09,1.8260957,2.0179458128182444,1.88893991139956,1.8696043952424102,1.6672012,1.8072703563218637
2013-07-16,1.8437548,2.034040500558436,1.9042724028229983,1.885285124983725,1.6839906,1.8232062228459573
2013-07-23,1.837759,2.0261043223565185,1.8971975420464666,1.8792486762712084,1.6774855,1.816674733111074
2013-07-30,1.8501865,2.0465254932396184,1.911108190616291,1.8929274405386323,1.689077,1.829728652089692
2013-08-06,1.8488781,2.0443546940034585,1.9095497770788596,1.8915000032284597,1.6878003,1.8283156699668002
2013-08-13,1.8049482,1.9714929152333704,1.8556384054414932,1.8404764412918695,1.6439488,1.778864424005012
2013-08-20,1.7804213,1.9313077981399427,1.8260858026382747,1.81498874334551,1.6238054,1.7540879883566427
2013-08-27,1.8068011,1.9644188897090566,1.8500845252289468,1.838945630179425,1.644148,1.7768099038879293
2013-09-04,1.8465887,2.0155366496138294,1.889847249073401,1.8777136223121054,1.6799136,1.8149056434326363
2013-09-11,1.8863776,2.064454994681435,1.9337362446697999,1.9176164047795052,1.7164267,1.8549313948464854
2013-09-18,1.8516448,2.020524874205439,1.9006259315573826,1.8832496342282554,1.6850616,1.8219775447063558
2013-09-25,1.8531786,2.0225522913918454,1.9023424675121403,1.8848474918869886,1.6863898,1.8235248307010565
2013-10-02,1.8139648,1.9633243819075505,1.8624006161375684,1.8425804339984644,1.6507611,1.7843225645385499
2013-10-09,1.8848372,2.05751096410315,1.935084096225142,1.9111646961356923,1.7120091,1.8517252556327757
2013-10-16,1.9122217,2.0849295595756963,1.962229150017163,1.9329588125524177,1.7307657,1.8740521684591922
2013-10-23,1.9310619,2.1043781265332075,1.9835266908941658,1.9494933062047186,1.7470378,1.8919618100830158
2013-10-30,1.940702,2.114296922618791,1.9948828321835501,1.958803745445151,1.7553916,1.9015642041300953
2013-11-06,1.9539562,2.1290987379871,2.0105358941761557,1.972705253381856,1.7672952,1.915308563626004
2013-11-13,1.954942,2.130281867098842,2.0117267333722104,1.9735833128066116,1.7681901,1.9163021364482489
2013-11-20,1.9839697,2.1730199016485536,2.04849864014528,2.0033808995822944,1.7930874,1.946446182606314
2013-11-27,1.9600892,2.1377534418476327,2.011402799287228,1.9775037883553874,1.7729028,1.919150297320951
2013-12-05,1.9512177,2.1243626779050793,1.999382323028729,1.9673486134479337,1.7659911,1.9097027829308402
2013-12-12,1.9880227,2.184263189586201,2.0475334506135727,2.0049193862626726,1.7978991,1.9484141521915694
2013-12-19,2.024807,2.2356593978509216,2.089479102538669,2.038972696947505,1.8302311,1.9843225474546158
2013-12-27,2.0083978,2.212382161223305,2.064974786841491,2.022399191963909,1.815669,1.9662241560583693
2014-01-06,2.0010183,2.2024850735970096,2.0554489251051766,2.0146932744136747,1.8092536,1.9584481150373416
2014-01-13,2.028441,2.2378275662369664,2.086722459011853,2.0416270421874962,1.8320177,1.9852368614637146
2014-01-21,1.9721634,2.1645811075189054,2.0229578978042455,1.9847855977419566,1.7845343,1.929569961633506
2014-01-28,1.9316344,2.117840770668474,1.9725600153469711,1.9507910459607496,1.7529073,1.8917204926994262
2014-02-04,2.004212,2.1841335858213347,2.034124784984369,2.0028914158217344,1.810632,1.9487934663923148
2014-02-11,2.0156667,2.1935207733894484,2.044777450737705,2.01129362056278,1.8213255,1.958658841721589
2014-02-19,2.0358202,2.2110018025099514,2.063567301954805,2.028218284853637,1.8372165,1.975869896764977
2014-02-26,2.067759,2.2429016838217053,2.0958903923679273,2.058586272120336,1.8662899,2.0064613987899005
2014-03-05,2.0625823,2.237692213930427,2.0902363669978627,2.053820302037001,1.861857,2.0015496389398395
2014-03-12,2.0557554,2.226744814925116,2.0827452180396726,2.0467458907569274,1.855749,1.9946757235703427
2014-03-19,2.0461328,2.2128889187195275,2.073180391780924,2.0374568621758335,1.8481519,1.9858944464134423
2014-03-26,2.0893846,2.273614988901848,2.1140849516218467,2.080487593958695,1.8820152,2.025007345881253
2014-04-02,2.069584,2.246780397118897,2.0922672310297465,2.0604524375849196,1.8649796,2.0054584319621016
2014-04-09,2.0589652,2.2338529221843295,2.081800304726641,2.050880827835108,1.8561679,1.9958555097012565
2014-04-16,2.07777,2.25232824256237,2.0976738923644476,2.0653058939576745,1.8708786,2.0108621061041325
2014-04-24,2.0833013,2.257962144193582,2.1034426036071032,2.070208763415552,1.8758521,2.016068109296222
2014-05-01,2.0761108,2.250446468505763,2.095779381846636,2.063148011233071,1.8699105,2.0092351319803465
2014-05-08,2.0730133,2.246901231533594,2.0926829669672036,2.0599752671402682,1.8672161,2.0062713010493236
2014-05-15,2.0972393,2.284026168422511,2.1189780306970962,2.0840352954073724,1.8878117,2.0298387119306662
2014-05-22,2.1314209,2.3390654102916684,2.1630438857757475,2.1186735820805573,1.9202865,2.0666112523145443
2014-05-30,2.1612875,2.3882201930656124,2.2084127481201743,2.150567506265392,1.9483436,2.1012620049586426
2014-06-06,2.1474607,2.3653022861468975,2.1873721948856564,2.1352870795562637,1.935281,2.0851199501710966
2014-06-13,2.1778686,2.4155410151743655,2.233826856049162,2.1694666414068102,1.9596971,2.119317134092875
2014-06-20,2.176535,2.413322178474352,2.2317749360119774,2.1679224015654124,1.9584042,2.1176322804062697
2014-06-27,2.1953201,2.4445653583418956,2.2606677818871095,2.189931536549645,1.9754069,2.1399360673121492
2014-07-07,2.1963196,2.446234728594417,2.2622115702472927,2.191091977242832,1.9763187,2.141143898987628
2014-07-14,2.1934302,2.441407352026439,2.2583094731854687,2.1877731825789777,1.9736035,2.1378562099580796
2014-07-21,2.1985428,2.4499433638333157,2.26481479761517,2.192945392215797,1.9775236,2.142951056685923
2014-07-28,2.155083,2.3772989587506848,2.204047960690194,2.145082358733387,1.9390054,2.0947122519559196
2014-08-04,2.1540828,2.375851483045586,2.202844099329327,2.1440980779593124,1.9381806,2.093719380266821
2014-08-11,2.1936524,2.4231037993882807,2.2459574445572064,2.1797961501661645,1.9712209,2.1307996524607495
2014-08-18,2.2252188,2.4615239052773044,2.2817023915938788,2.209838183444379,2.000466,2.1623754986164374
2014-08-25,2.229776,2.467231647343807,2.2870301094258343,2.2145006572795096,2.0047448,2.1671159508521516
2014-09-02,2.2154374,2.443253701637951,2.2670075818752227,2.1982352434841297,1.9918044,2.1509629807705832
2014-09-09,2.228331,2.464583001260904,2.2842355993877073,2.2129285568719066,2.0026217,2.164968286904514
2014-09-16,2.2111647,2.4361035299426916,2.261320719291155,2.193753602785818,1.9871259,2.14600774640289
2014-09-23,2.2001092,2.4178334243063766,2.2469000832515893,2.1817024367546574,1.9789308,2.134748926099333
2014-09-30,2.1581225,2.356219805548143,2.1980312228656294,2.1418481184370317,1.9406096,2.0926680805581026
2014-10-07,2.0960338,2.2874116139134224,2.13666834878637,2.0910879781262506,1.8927639,2.0395954682489186
2014-10-14,2.1671677,2.345457249408351,2.1943674247365537,2.138866478376461,1.9312468,2.0869878193315983
2014-10-21,2.2156317,2.3804756155187636,2.2245257174741755,2.170332568178528,1.9675747,2.1196178125264504
2014-10-28,2.2453358,2.402212733165621,2.2479850361125426,2.191048875174241,1.9933664,2.1428656629267904
2014-11-04,2.2800646,2.4281566234102954,2.27432829954429,2.2183905629892378,2.020548,2.1698664324433454
2014-11-11,2.2953625,2.442653168194031,2.289237297245633,2.2322130130998703,2.0357664,2.1845139687345463
2014-11-18,2.3127832,2.4620322641710195,2.310224365352417,2.2497828677216334,2.0496805,2.2018409031608277
2014-11-25,2.3214939,2.4757194985591457,2.3204872673209116,2.259230307793071,2.0572436,2.210872989132136
2014-12-03,2.2686744,2.391226863782062,2.2421824456094805,2.202469682700555,2.0157614,2.15395633645676
2014-12-10,2.2533765,2.36704032237437,2.225655492838258,2.1883889508916545,2.0055702,2.1406045808694563
2014-12-17,2.3329594,2.4495498357365606,2.287682768050352,2.2454553207426025,2.0628865,2.1994683017584338
2014-12-24,2.3066847,2.4267447218580567,2.2674882110456194,2.2267311956762845,2.0384054,2.178442394318661
2015-01-02,2.2934353,2.4154747837433352,2.257058741053422,2.21593926956615,2.028117,2.1679626931398235
2015-01-09,2.264016,2.394534869338522,2.2365675717739864,2.196113848914426,2.006761,2.1473842531523344
2015-01-16,2.3069086,2.426496319779394,2.2652249869801073,2.226793156999341,2.0353925,2.1767489332932732
2015-01-26,2.2672715,2.390949354551024,2.231949819513839,2.196279715618709,2.0064254,2.145833328426604
2015-02-02,2.2977016,2.4139555939544985,2.2510225340905388,2.217346698076305,2.0234325,2.164839989475822
2015-02-09,2.3592346,2.4638639066561376,2.300118140891321,2.263318825053908,2.0753672,2.2138516395205574
2015-02-17,2.3783228,2.4802710104369647,2.317540239554341,2.2788303815815,2.090214,2.229784988702425
2015-02-24,2.370575,2.4725305295418583,2.309445464861698,2.2715546428144195,2.083426,2.2224076788139984
2015-03-03,2.301631,2.391789094767978,2.234666796719679,2.2023860114120226,2.0276225,2.156248230216958
2015-03-10,2.3350928,2.433542817438165,2.2691679115561834,2.2294081088028994,2.0528672,2.1849512483702935
2015-03-17,2.3552155,2.4567075208237683,2.290219634569876,2.2453287577539265,2.0685022,2.2023516319565704
2015-03-24,2.32826,2.4284262876308564,2.262374114788434,2.2230133390579767,2.0469341,2.178568337308223
2015-03-31,2.3457415,2.4441405261473235,2.2789126927065277,2.236728252681407,2.059369,2.192718114985027
2015-04-08,2.3733747,2.4705542178503626,2.3068084305535463,2.2612045585535143,2.0830665,2.21804671596993
2015-04-15,2.37563,2.472992389695413,2.3092900412010797,2.2633388605220026,2.0848732,2.2201897785299107
2015-04-22,2.374954,2.4721157041680075,2.308548008611013,2.2626944919531584,2.0843291,2.2195505129049202
2015-04-29,2.3464181,2.4323584827676874,2.2790185927810027,2.2337464720849125,2.063075,2.193241345659352
2015-05-06,2.3687506,2.4616125876100163,2.3003010981731817,2.2536168172598106,2.0791986,2.212232774015136
2015-05-13,2.4010077,2.5008321023149014,2.332984593936685,2.2829868947200858,2.1045861,2.241268106471454
2015-05-20,2.3962703,2.4945834674945324,2.3272698484656917,2.278335380276985,2.1009793,2.2366946713030904
2015-05-28,2.3699913,2.463252107106197,2.2966713661751945,2.2536477239499018,2.081106,2.2119890835646348
2015-06-04,2.3869095,2.484823560169182,2.314116595163114,2.2700687972568794,2.0934289,2.2272501499385484
2015-06-11,2.3998795,2.5033015080885255,2.330229873048351,2.2823582488893392,2.1030023,2.239651561425114
2015-06-18,2.378459,2.4744338621576896,2.3084270527131334,2.262528851662605,2.086679,2.220453415546087
2015-06-25,2.3495593,2.4350359521163814,2.2731120300395786,2.2342728695915626,2.0641043,2.1921678204583395
2015-07-02,2.351485,2.437032793893776,2.274725227138566,2.2358101726089017,2.065547,2.1937029564771833
2015-07-10,2.408153,2.4909145065877127,2.3127276773036223,2.2789363955008084,2.1070015,2.2345771387786435
2015-07-17,2.3573785,2.4417328727049727,2.2606102639005825,2.236886543309928,2.0565145,2.1864900043092126
2015-07-24,2.385712,2.4691740399222146,2.2868687026038184,2.2616404995619988,2.0795999,2.2112138222941633
2015-07-31,2.356812,2.437904779890253,2.2593411819682085,2.2358130727452794,2.0509584,2.183857931349017
2015-08-07,2.3734722,2.4587393166764735,2.2761069132197345,2.2517586022963836,2.0638433,2.1990269455169242
2015-08-14,2.2421167,2.2891250790315407,2.1403471220735177,2.1286476252559132,1.9690468,2.082249250178005
2015-08-21,2.2585504,2.3015616932369958,2.150583703606894,2.137761407093109,1.9761804,2.0909985673729663
2015-08-28,2.1827292,2.2655917864587076,2.1231693587935934,2.108286355930392,1.940948,2.0604143991522457
2015-09-04,2.22149,2.282166410781783,2.138168014244688,2.1246308017119393,1.9598554,2.0771251267872266
2015-09-14,2.2381654,2.2889781615886506,2.146037945944078,2.132641032174063,1.9698582,2.085718951788925
2015-09-21,2.1418989,2.250773660670767,2.105166909637799,2.079742878170311,1.9156697,2.036703417652616
2015-09-28,2.2610643,2.3176935652464303,2.173113184581362,2.1465747471941734,1.9628198,2.0967156229976753
2015-10-05,2.2958107,2.3395131812621033,2.1936219023933763,2.1657118052950604,1.983394,2.116818810495457
2015-10-12,2.316888,2.354884974989289,2.2109118678598456,2.179558544975763,1.9971104,2.131714060966881
2015-10-19,2.3582413,2.384766536230585,2.2436058949007607,2.2092272736483487,2.0271807,2.162572663056621
2015-10-26,2.3968627,2.4127504367066064,2.277205272933073,2.2369396102669463,2.0530732,2.191542553147407
2015-11-02,2.3705456,2.390183252995591,2.252919498966504,2.2173797087717593,2.0348938,2.170982267107809
2015-11-09,2.34252,2.3606614152896515,2.2267568732113197,2.194090728871793,2.0171366,2.148838662519248
2015-11-16,2.3818243,2.3976681929985775,2.2653166259239,2.2217545116533937,2.0438273,2.1794732841447875
2015-11-23,2.4001653,2.415419456469867,2.28477938136143,2.235740658067481,2.0546496,2.193873185529387
2015-12-01,2.3576725,2.371833168709136,2.2383204765387235,2.2001374403770724,2.0255647,2.1574293696088582
2015-12-08,2.3357992,2.3533347710087056,2.220636558856525,2.1849762357230427,2.01269,2.142283725951918
2015-12-15,2.3321657,2.3504573470428602,2.2181503430155884,2.1825480971566296,2.0105486,2.1399327738742913
2015-12-22,2.3600142,2.3707936657588506,2.2382480990455997,2.199412244603491,2.0288928,2.1583808978403125
2015-12-30,2.2238662,2.277340293083165,2.116123056369344,2.107433052914683,1.9393657,2.057967690069451
2016-01-07,2.19957,2.261117295101169,2.103056263170092,2.0935140519012614,1.9290068,2.045588339885415
2016-01-14,2.1834116,2.2511657945760115,2.0946441529574895,2.0849214084808807,1.9212503,2.0373361228913898
2016-01-22,2.220084,2.2732050872217955,2.1105767124716563,2.1042373772680842,1.9403701,2.055449685569149
2016-01-29,2.1539586,2.2375185281559813,2.076163435757996,2.0707227373121633,1.897256,2.018586340912608
2016-02-05,2.1388302,2.229473724357841,2.0687872071189792,2.062410995203063,1.8898016,2.0108739214211484
2016-02-12,2.2322314,2.28014976074444,2.1124622707329306,2.1148894422092157,1.9401631,2.059706339528173
2016-02-22,2.2182505,2.271981094554379,2.104086227713962,2.1068055858885133,1.9313719,2.051270718869794
2016-02-29,2.298816,2.3230494610775465,2.1537594204800503,2.159218332120611,1.9809388,2.101944331420372
2016-03-07,2.3207052,2.3376145139251148,2.1687261111517917,2.1739447646096393,1.9943349,2.116328706453456
2016-03-14,2.357671,2.3628336669376586,2.195236019207013,2.199770334622455,2.019745,2.142309428668232
2016-03-21,2.3628547,2.3672334819701013,2.1998170026122428,2.2039079754974025,2.0232112,2.1463595467076915
2016-03-29,2.3521414,2.3565358252610116,2.190371008646285,2.194646204706201,2.0160592,2.1377897882532944
2016-04-05,2.3720698,2.3811439012966833,2.2063468865069957,2.211893090502195,2.028069,2.152733006005646
2016-04-12,2.4179165,2.4320563471068386,2.2455311818942483,2.249085452025172,2.0578024,2.1879653670904533
2016-04-19,2.4066284,2.41821275439913,2.233587217685124,2.239311223864178,2.0505302,2.178471146326294
2016-04-26,2.3748348,2.3787796097765903,2.199314859293296,2.2087433235557445,2.0303085,2.1507308026805356
2016-05-03,2.4012136,2.4095509565589937,2.2223200925742357,2.231809177138806,2.0460317,2.1710724363147222
2016-05-10,2.3597448,2.3553059826629226,2.1790188447525836,2.196244566238325,2.02058,2.1370128039300824
2016-05-17,2.3945322,2.3963500241743203,2.211229556062463,2.2239851859770696,2.0427504,2.16416295045506
2016-05-24,2.4221792,2.4269119526085503,2.2368913008467897,2.2462400430291396,2.0620782,2.1864945638167677
2016-06-01,2.44637,2.4543784464979854,2.2624253439980553,2.26795437615645,2.078157,2.2073035491537722
2016-06-08,2.3931506,2.389450892311307,2.1970045357617387,2.216506395103531,2.0437636,2.1584358398482735
2016-06-15,2.4096496,2.4116050698395566,2.213180289123245,2.232098575288673,2.0528593,2.1716715130126785
2016-06-22,2.3929744,2.38649906638016,2.1971191505339154,2.2156853220306263,2.0408392,2.156939617571494
2016-06-29,2.426207,2.408582255723721,2.2142582748797084,2.2315600444040498,2.062164,2.174982856938822
2016-07-07,2.5025146,2.4579520848962164,2.2662795159794777,2.2764090623189,2.117479,2.2256807872459574
2016-07-14,2.504252,2.459029803286387,2.267422448488963,2.277521639395044,2.1187825,2.226872707629401
2016-07-21,2.510041,2.462660787245734,2.2720515893375937,2.2820417612900807,2.1224184,2.231165507093071
2016-07-28,2.5058727,2.4584111291849196,2.2673396211013204,2.278215171677815,2.119536,2.2274202057358368
2016-08-04,2.53181,2.4963323730917217,2.2934744554588713,2.3031558104839904,2.138254,2.250537700667753
2016-08-11,2.5342424,2.4999297415576365,2.29660311153924,2.305521805722682,2.1395113,2.2527305930324455
2016-08-18,2.5208094,2.480053119716416,2.278343113744665,2.291915766332374,2.131533,2.239376820790037
2016-08-25,2.5172193,2.474755006855274,2.273475911966985,2.2881759284125254,2.1293778,2.2359287031028154
2016-09-01,2.46963,2.404575209809295,2.216450434344216,2.2380690421163734,2.1005538,2.1922927831259127
2016-09-09,2.483152,2.4213496293727887,2.230930542839114,2.2473810710551736,2.1084855,2.2025634702051167
2016-09-16,2.5136433,2.4513011454940137,2.2601713826838203,2.2683482421536714,2.130065,2.2263321934540063
2016-09-23,2.517251,2.4545927706942376,2.263873379230033,2.2710245002062504,2.1329477,2.229399485100135
2016-09-30,2.502587,2.441961480636851,2.2504341047350604,2.259762264876428,2.1224215,2.217686440576408
2016-10-07,2.480243,2.422899306715322,2.22882040247238,2.2403740199014486,2.1054897,2.1984034562514916
2016-10-14,2.4902523,2.4346805332132004,2.237813462223096,2.2490781831763416,2.1124563,2.2066036540347307
2016-10-21,2.4734924,2.4120695978838884,2.220390363288094,2.2333085996761604,2.1011374,2.191965060412428
2016-10-28,2.427058,2.344087368378559,2.1757495773595203,2.1904467149373246,2.0685,2.152160001521824
2016-11-04,2.518647,2.4767743903181665,2.2654006328480034,2.273113200381856,2.1231282,2.226418742754773
2016-11-11,2.542854,2.505537628820287,2.2854648745823973,2.2909000808978965,2.1411626,2.2451407862255666
2016-11-18,2.5658963,2.532675385030741,2.3116717981677595,2.3096297774903514,2.155758,2.2645215665471436
2016-11-28,2.5719488,2.5395686189787945,2.3187022541199567,2.3148042623331255,2.1599026,2.2698596821377253
2016-12-05,2.6330466,2.611135172955093,2.385758433861818,2.369310285751236,2.210855,2.327149634283875
2016-12-12,2.640138,2.6215198401074704,2.394832700849764,2.375250272331074,2.2161362,2.333797983763312
2016-12-19,2.6488006,2.6344221080545096,2.4061242517168546,2.382681968024238,2.2232711,2.342249276828247
2016-12-27,2.6524286,2.639834718231588,2.4110377757423676,2.385971246274178,2.2261405,2.346032105143066
2017-01-04,2.6585164,2.648526371147372,2.4186722802770233,2.3911773846074253,2.2307625,2.3517040849946165
2017-01-11,2.6445868,2.6276786315804244,2.4006644712016945,2.378414509774909,2.2190135,2.337740996464379
2017-01-19,2.6846218,2.687347328181165,2.453575108439396,2.415790840536624,2.2468705,2.375915109470964
2017-01-26,2.66636,2.6599265509935788,2.42851825488153,2.3995934500479694,2.23143,2.357444323775616
2017-02-02,2.6994894,2.709500715960572,2.4699323507870963,2.4302694368101614,2.258633,2.3901148456093573
2017-02-09,2.74772,2.782115110858743,2.5353324550107033,2.474406230123411,2.298054,2.4386935286956763
2017-02-16,2.7713664,2.818028758027857,2.5680519399151867,2.4959606403602304,2.3185287,2.463211170272913
2017-02-24,2.7910328,2.8480250844579182,2.5952523864003867,2.514436202547647,2.3348029,2.4834057209360587
2017-03-03,2.7824874,2.834945081863468,2.583329541932624,2.5072229898376217,2.327433,2.4747650868897404
2017-03-10,2.7868323,2.841585327592079,2.5887642727363813,2.5111020797232078,2.3310435,2.479034127993811
2017-03-17,2.7495623,2.7845816782940234,2.536762237763553,2.477584170028184,2.2994704,2.4400599491785133
2017-03-24,2.771666,2.8181595466466933,2.561997402409018,2.4967838167967176,2.3144462,2.459442451654732
2017-03-31,2.7653172,2.8084763528256347,2.5540213273932206,2.4910462332607035,2.3094916,2.4533344325196516
2017-04-07,2.7579103,2.7971925399740316,2.545491865126236,2.48403454254983,2.3038433,2.4463747809354928
2017-04-17,2.788479,2.843698997726042,2.581646226579466,2.5106592531462844,2.3255866,2.4739915713938414
2017-04-24,2.8062322,2.8708560836880195,2.5967885944012687,2.5250482516857025,2.3403316,2.4888254838175152
2017-05-01,2.8177547,2.888537879096724,2.6110384936235764,2.5351908728465635,2.350029,2.5000283173219007
2017-05-08,2.825279,2.900107721523221,2.621422229232512,2.5421943072603383,2.356652,2.507965616330909
2017-05-15,2.8161082,2.8859873156437192,2.608658722007039,2.533573537261456,2.3484776,2.498246680873289
2017-05-22,2.8393884,2.9193483848944024,2.6382674878415386,2.551753336910136,2.3659952,2.519402402462475
2017-05-30,2.8594928,2.950296331629041,2.6662226471176225,2.569205692004097,2.3819935,2.5407094915659947
2017-06-06,2.8752484,2.9742012398472726,2.688258867603624,2.5832591690333295,2.3948689,2.557170999548658
2017-06-13,2.871075,2.9678770427255623,2.6825270105421963,2.5793655557243884,2.3915246,2.5529468661582744
2017-06-20,2.8512259,2.937078318964671,2.6546895270906123,2.56185869446346,2.3734148,2.5320741938143616
2017-06-27,2.868239,2.96336620573518,2.678449934584143,2.5770062559816966,2.3880668,2.549561573951279
2017-07-05,2.8828893,2.986070452700315,2.6956236050979965,2.5897503728806512,2.3994966,2.5631605863459512
2017-07-12,2.918097,3.0405004799332667,2.7388347698909548,2.6194478436072495,2.4266276,2.595884922153668
2017-07-19,2.9232965,3.04839647848376,2.746052719342897,2.6240422771650564,2.4305472,2.6011647021677673
2017-07-26,2.9234135,3.048555863550997,2.746217706259743,2.6241201891036696,2.4306054,2.6012639650749327
2017-08-02,2.921169,3.045044990703106,2.7430550214965796,2.621919285588301,2.4286342,2.5988513832164766
2017-08-09,2.9175065,3.0393179767791842,2.737895979725388,2.6183216779434617,2.425662,2.5949643083663756
2017-08-16,2.8893878,2.9953790480357685,2.698460326533893,2.594434646554695,2.3999162,2.566010995210924
2017-08-23,2.906519,3.018978630426722,2.7194768192256955,2.6076413120712916,2.4136152,2.581648089234516
2017-08-30,2.9166796,3.032794262597725,2.7323350739127625,2.616315509542742,2.4221454,2.591500418934794
2017-09-07,2.954722,3.081792843526399,2.7817777675388515,2.6497301813956033,2.454115,2.629084930338693
2017-09-14,2.9610748,3.091007253767273,2.7906868623778607,2.655318701183141,2.459048,2.635459318202346
2017-09-21,2.9724731,3.1087969363272294,2.8068005136784775,2.6659319196550904,2.468965,2.648112302804678
2017-09-28,3.023647,3.1890783553571516,2.8792831919579522,2.714883952681222,2.5144641,2.7048571063879057
2017-10-05,3.0234096,3.188702559521386,2.878943901883216,2.7146468460060533,2.5142488,2.7045562818556794
2017-10-12,3.0370634,3.2103028570431587,2.8984458916951805,2.7277564597020882,2.5251899,2.7203060393550036
2017-10-19,3.0350444,3.2071016845931584,2.895555689259621,2.7257545081720833,2.523598,2.7180390974799207
2017-10-26,3.0584354,3.244177382553529,2.9290297598443336,2.747982657601686,2.5428317,2.743378944174253
2017-11-02,3.0653222,3.255134969303152,2.9389228988133436,2.755159546669936,2.5486283,2.7508807593207907
2017-11-09,3.0706654,3.263645901663053,2.946077339762658,2.7608925298000986,2.553187,2.7566300513866517
2017-11-16,3.0913234,3.296580541676096,2.97274358004616,2.78131200838157,2.5706947,2.7778954284157282
2017-11-24,3.1400044,3.3744507174196676,3.0428733989434225,2.8309351858680514,2.6120398,2.8318896813539287
2017-12-01,3.1524713,3.394547518151275,3.055749624565635,2.8425490183905837,2.620816,2.842856609708352
2017-12-08,3.1805186,3.439849181714917,3.0873334772195795,2.8702244089444475,2.6433644,2.869951541544279
2017-12-15,3.1924534,3.459211078088312,3.1021573553396995,2.881754434567172,2.652226,2.88151133596339
2017-12-22,3.2074897,3.4836501917699745,3.1234146766382493,2.897057154550815,2.6644182,2.897387797826988
2018-01-02,3.2763486,3.595831544576448,3.2151244936744705,2.966390553129643,2.719675,2.9681594966985845
2018-01-09,3.3368535,3.695438889662161,3.3041014463951774,3.026699304801736,2.7682025,3.0332326008990873
2018-01-17,3.3794582,3.766213441699388,3.3542258117720714,3.065103926739836,2.8026104,3.0737968228790704
2018-01-24,3.3641815,3.740675826254258,3.334347755581535,3.050523200794463,2.7879558,3.057558661369849
2018-01-31,3.194362,3.496286909119405,3.152398915192759,2.9053016855223195,2.6637301,2.9085502850086153
2018-02-07,3.217275,3.5112786501467528,3.166477314827455,2.914733840465674,2.674422,2.9198252551974897
2018-02-14,3.2269413,3.5163348238250083,3.171744899819191,2.918714725614447,2.680992,2.925034288644706
2018-02-22,3.1947203,3.4992634357296155,3.1520482887739756,2.901204727527519,2.6601272,2.9056900209571075
2018-03-01,3.2710967,3.5375482500047353,3.1944651139141995,2.9426094653864863,2.7074003,2.949438349065086
2018-03-08,3.2818377,3.544173728518415,3.2015381584211755,2.9496428241116193,2.715839,2.9569461971015665
2018-03-15,3.1592288,3.434235415995437,3.100271403102669,2.8617248916325337,2.6374624,2.868081066569614
2018-03-22,3.1529977,3.4291440249986618,3.09583755180986,2.858048816391139,2.6342928,2.864346771876561
2018-03-29,3.1119,3.4017406672023562,3.0716709042531045,2.8381291791482077,2.6084254,2.8411620603949674
2018-04-06,3.1769614,3.440584401598843,3.106111476327796,2.86845368241243,2.6430943,2.8743393840762455
2018-04-13,3.1944551,3.4509283092634044,3.1166378892351494,2.878262340488829,2.6541948,2.884833727655625
2018-04-20,3.193856,3.4505746822156804,3.1161824547076717,2.877809450749498,2.65375,2.8843811098254855
2018-04-27,3.187386,3.4454416148326743,3.1115617664233177,2.873128117440592,2.6491675,2.8797401743949154
2018-05-04,3.269222,3.519244068837525,3.16884097172755,2.93354731036233,2.7028377,2.936963588104943
2018-05-11,3.2510087,3.4984246576478273,3.150644340383644,2.9191784803272642,2.6886322,2.921431149078717
2018-05-18,3.260834,3.5105345026114176,3.1612212921147798,2.9278906158327795,2.6954901,2.9300731748588205
2018-05-25,3.2937844,3.556804645511107,3.196362870666471,2.959462355000943,2.7190568,2.9598413381639004
2018-06-04,3.337638,3.6100593269139654,3.241455119751752,2.993731933862992,2.7487261,2.995730640420702
2018-06-11,3.3285537,3.5976124213807315,3.2293434801621723,2.985599756729638,2.7417748,2.986892830453197
2018-06-18,3.2616358,3.4975427677807254,3.1545242431011364,2.9192638702614557,2.6889732,2.9227923188109157
2018-06-25,3.271987,3.5111156574952,3.1639153831299356,2.927891917220257,2.6951888,2.9307710670843687
2018-07-02,3.3567166,3.644357274465093,3.2432835450662743,3.0044358402015865,2.7456734,2.998403077526165
2018-07-10,3.375613,3.6730885045805297,3.264742967695469,3.02044096113397,2.759985,3.015469851292434
2018-07-17,3.3893337,3.6921615733650297,3.2789556961327846,3.032613314938733,2.7709205,3.027906696575841
2018-07-24,3.3859632,3.6873952645601684,3.27529386766573,3.029309106819072,2.7681823,3.0246866555669234
2018-07-31,3.4371147,3.7662158057529043,3.3353045295075074,3.0763191912403522,2.8040407,3.0714343398437904
2018-08-07,3.4168959,3.732920799077767,3.307892189408853,3.0567512918143036,2.7870157,3.0504818234392674
2018-08-14,3.4462621,3.781044085743954,3.3461109079877045,3.0848098731760736,2.8096929,3.0795242240302447
2018-08-21,3.48935,3.8519544831704837,3.398253467372043,3.125705460414958,2.8392515,3.1194144264138712
2018-08-28,3.478639,3.8342179730274037,3.3826290970754016,3.115468498437404,2.8307378,3.1083047187736867
2018-09-05,3.4797213,3.836007419305547,3.384086226195838,3.1165228205590245,2.8315973,3.1094239341615775
2018-09-12,3.5049963,3.8778019163303883,3.4168996234580966,3.143241669434622,2.8500547,3.1347974439505886
2018-09-19,3.5046616,3.8772464989116138,3.4162990314239834,3.142872928682489,2.8495502,3.1342782632554553
2018-09-26,3.5269072,3.9141622542576227,3.443914327751319,3.165567166375599,2.8660355,3.1560788871542673
2018-10-03,3.36466,3.6440692884149044,3.238919833835844,2.991293942778579,2.7616818,3.0007339256389236
2018-10-10,3.3906531,3.6709274938837693,3.2622041187749184,3.0050146531812665,2.7771606,3.017846810598278
2018-10-17,3.2077308,3.5290002465977928,3.134799504233495,2.912706042564451,2.661328,2.90666057044756
2018-10-24,3.271929,3.57093576680823,3.173769322533333,2.942542338026635,2.6906958,2.9392192842714
2018-10-31,3.397423,3.643175207683686,3.235639240244292,3.005551969282205,2.7649915,3.0056583729789055
2018-11-07,3.266731,3.5734724425885016,3.161233532126324,2.936680072923127,2.6880434,2.9320884952518833
2018-11-14,3.2041035,3.5341994051843995,3.1262603791355486,2.8987037085147196,2.6559258,2.8970607867676863
2018-11-21,3.3124309,3.602018362775459,3.188691960815532,2.962162254546895,2.7197855,2.9605323563186645
2018-11-29,3.1865733,3.5148576098748983,3.101864066337933,2.891911204459521,2.635351,2.880115382073396
2018-12-07,3.1490939,3.4928015961124035,3.0819699079974288,2.8754608592560245,2.617643,2.8620904996632994
2018-12-14,2.927068,3.3525757307152007,2.962300015343076,2.7548156294250967,2.5033796,2.743512021840359
2018-12-21,3.039189,3.4186621113506663,3.013231580311002,2.810838097426782,2.54236,2.7917786785465535
2018-12-31,3.122489,3.4573406574327783,3.0521637178736807,2.8433120024187595,2.5798771,2.8281434313151608
2019-01-08,3.1660247,3.4772729402634686,3.072537749009057,2.8608255798707996,2.5972648,2.8465929887204666
2019-01-15,3.2032363,3.4946219793267224,3.0954541657240093,2.8809945486002775,2.6167853,2.867482558791903
2019-01-23,3.253945,3.5190738181051926,3.123564860925713,2.9124314809285194,2.6408231,2.895304775527717
2019-01-30,3.316695,3.5635759200223887,3.164341831610872,2.953503267656945,2.6745615,2.9338084167926293
2019-02-06,3.3440568,3.592243457273869,3.1897322092991205,2.9750004220088684,2.6903827,2.954391472973114
2019-02-13,3.3736067,3.622465283326681,3.215506654224623,2.9984713677019683,2.7076657,2.9763380013114866
2019-02-21,3.3889284,3.639803995462293,3.2296595177141425,3.011819516575521,2.7176328,2.9887271980337764
2019-02-28,3.3442988,3.58129863547356,3.179019918413,2.967679357061998,2.6918225,2.9500059212370267
2019-03-07,3.4190876,3.6939148327296096,3.249180688329343,3.036065680318533,2.7405713,3.011888438496825
2019-03-14,3.477753,3.7737151107315454,3.314303591974095,3.0863278010052038,2.7769873,3.0613169891645406
2019-03-21,3.4286518,3.7003395463704454,3.2668348343425353,3.0446761893364225,2.7469566,3.0221763847371457
2019-03-28,3.507678,3.7920380895899077,3.338704560599777,3.1057638071630276,2.794777,3.081813837473529
2019-04-04,3.520259,3.805838691896964,3.3516663349279168,3.1163382117007847,2.8032646,3.0923659608276366
2019-04-11,3.5423646,3.83334255198914,3.3778924557779404,3.1372433177739962,2.818594,3.1127639703906134
2019-04-18,3.583773,3.8858013176895767,3.4216110371636477,3.1792070591860124,2.852252,3.152470695246156
2019-04-26,3.5913458,3.8978622647662298,3.4306810808042822,3.186683752363206,2.857937,3.1598182221403794
2019-05-03,3.5189161,3.7799451434834466,3.3539328302730693,3.1210304417040073,2.803049,3.094456260971272
2019-05-10,3.4913104,3.7392769152109473,3.3350902177841704,3.09822560922139,2.7862427,3.0750703564719255
2019-05-17,3.4539351,3.7023362491408163,3.311186905640836,3.0736066547303973,2.7671413,3.0525963180671125
2019-05-24,3.3536563,3.6098147950118515,3.2382691780171657,3.000792197617406,2.7018635,2.9821174812905893
2019-06-03,3.5295405,3.7618865814823015,3.360602456529517,3.132342832627966,2.8086174,3.1022949665555175
2019-06-10,3.5344267,3.765744311542639,3.364089456312857,3.13558147946067,2.8117228,3.105610503734364
2019-06-17,3.604026,3.8342537224935493,3.4339655528356965,3.195048420328922,2.8602545,3.1644431198109797
2019-06-24,3.628818,3.859112994756531,3.4579332702668704,3.216711696481491,2.8756957,3.1845316167336812
2019-07-01,3.647597,3.878464508064989,3.4727434815780605,3.232635654070899,2.8882692,3.198974332685454
2019-07-09,3.6793857,3.9244101550549995,3.5043645701181116,3.2618811100578395,2.9109292,3.2266307908747773
2019-07-16,3.6824539,3.929116055356927,3.5079431392737845,3.26487324941803,2.9131234,3.22950236227689
2019-07-23,3.6909227,3.9426388023813908,3.5175226291241004,3.272787621207784,2.9195826,3.237441837885861
2019-07-30,3.532348,3.6885547832662895,3.3364315755491964,3.119083880341618,2.800207,3.087754877746678
2019-08-06,3.5906472,3.740151724519946,3.377496002036899,3.148553487766926,2.8293242,3.1206539128862385
2019-08-13,3.5604544,3.7175236014644994,3.358259564515699,3.132739535719363,2.8124256,3.103366608313952
2019-08-20,3.5209332,3.693288887292266,3.3311586232778194,3.1127938645532733,2.7850523,3.078743865172239
2019-08-27,3.6089358,3.7425520925551328,3.384111484190467,3.1589752558007422,2.8302147,3.1269027048319384
2019-09-04,3.6851542,3.7842514310203166,3.4326375622903003,3.2055883639489857,2.872868,3.172926887480103
2019-09-11,3.6955855,3.790910913299013,3.4403215351077083,3.2130888824876003,2.8801904,3.180453539568345
2019-09-18,3.669744,3.767921425113642,3.4185334566179493,3.1900107981131165,2.863988,3.160310407177162
2019-09-25,3.5518653,3.622260165095141,3.3207662410248533,3.084210445332686,2.7888231,3.0680386465829432
2019-10-02,3.5914454,3.6665682452306383,3.352286801266299,3.11041013758112,2.810431,3.0942694063108314
2019-10-09,3.6793613,3.7542644339204942,3.4226400317173447,3.1650185930624253,2.8631756,3.1532411978737453
2019-10-16,3.697609,3.7712946555183895,3.4395077177452182,3.1779007209464587,2.8756635,3.167239370253307
2019-10-23,3.7501364,3.819403274652841,3.493737172650978,3.221488459738619,2.9092565,3.210402389840973
2019-10-30,3.786634,3.853795741640362,3.528988060898726,3.254525593963495,2.9367242,3.2422855909030783
2019-11-06,3.8112946,3.884103498976048,3.557209690036961,3.277054366619526,2.9529152,3.264174944309497
2019-11-13,3.8318875,3.915362931347654,3.5811220314622716,3.2968488658687938,2.9655128,3.282398519420981
2019-11-20,3.889961,4.004370771537842,3.648962862914769,3.351972900230538,3.0002384,3.3332101219355277
2019-11-27,3.8472984,3.9384946246218844,3.5887511521855964,3.312642181016552,2.9686904,3.290537845465957
2019-12-05,3.910307,4.035247662852022,3.660300329805076,3.367742271683498,3.004102,3.3425734947112415
2019-12-12,3.9567919,4.107202920643588,3.7124849126026023,3.407238383207247,3.0329006,3.381711575148299
2019-12-19,4.0005307,4.175305426976288,3.7676966277167,3.447008374958243,3.0650253,3.423139861906616
2019-12-27,4.010195,4.190434585921177,3.7800666710145543,3.4561008445422803,3.0718093,3.432323377082292
2020-01-06,4.063601,4.274144289044885,3.832547951021348,3.501943058991467,3.1056592,3.4757805006623985
2020-01-13,4.1051106,4.339635147145821,3.880976519636818,3.5376838345432877,3.138849,3.514457786310849
2020-01-21,4.050465,4.252984144645118,3.8134823248608543,3.488591226502528,3.100004,3.4638940172704187
2020-01-28,4.077355,4.286059668298161,3.8345005741950358,3.5074234880118373,3.1154344,3.482224631276068
2020-02-04,4.154178,4.362930831510988,3.890435424091247,3.5551717806303875,3.1636503,3.532884772018389
2020-02-11,4.1923437,4.400150896492381,3.9228630818481656,3.58322994489826,3.19181,3.5624409445073635
2020-02-19,3.8597696,4.069281180333015,3.6140526691617083,3.300483617774794,2.944679,3.2833260290694177
2020-02-26,3.8766205,4.079602504929837,3.62173500644229,3.307563589842087,2.951318,3.290465702832429
2020-03-04,3.3995717,3.8945966070397304,3.4567103038365756,3.1794907162523347,2.7787154,3.1361355961537254
2020-03-11,2.9738202,3.7776255649417094,3.343922098364372,3.093972376775401,2.6613784,3.0315771168728207
2020-03-18,3.0759356,3.7967314598409256,3.362350485355937,3.1092787218155045,2.6803534,3.0491384969301243
2020-03-25,3.0679595,3.7953708987626373,3.360626854454237,3.1078043684956214,2.6785688,3.0474768616592884
2020-04-01,3.415449,3.8533043869745853,3.435969854403371,3.1871967698477617,2.7621787,3.1271610069709124
2020-04-08,3.478641,3.8632392993571427,3.449827635540945,3.202510543106035,2.7778933,3.1421557657160895
2020-04-16,3.4783921,3.8631358278717554,3.449690811203663,3.202356797433689,2.777756,3.142012676064732
2020-04-23,3.620479,3.8982293696583303,3.498004500143149,3.2573066339023513,2.8232193,3.1916129363526564
2020-04-30,3.5855794,3.8867706922535565,3.4845290338129993,3.241350583353733,2.8115292,3.1779678777293263
2020-05-07,3.5518022,3.87156027777124,3.470277545105194,3.2229708191724673,2.8008537,3.1638410893402904
2020-05-14,3.6753192,3.931899422540836,3.520322025076727,3.289306109929929,2.8409958,3.2151096787784015
2020-05-21,3.7929773,3.994044451432612,3.5796594559843125,3.3504121957299975,2.8879592,3.2707282498768486
2020-05-29,3.9801834,4.096559215674025,3.6670028080058823,3.4698914423800544,2.958717,3.3614432208693312
2020-06-05,3.7916048,3.9875199988189056,3.5766164754019525,3.3685237419196095,2.8814275,3.272085951293288
2020-06-12,3.8637495,4.019517292326959,3.6043256521564495,3.392230100509037,2.9032104,3.296439346568164
2020-06-19,3.7562122,3.9684190768020717,3.5603878860187836,3.3405322422738895,2.867997,3.2532196372511737
2020-06-26,3.9690304,4.065431511547161,3.66704191323359,3.4385722674752763,2.951615,3.349150237349958
2020-07-06,3.941365,4.0535444221259285,3.6540331721052386,3.4235799196043004,2.940461,3.3361612130098055
2020-07-13,4.060041,4.106583089500955,3.7081635940375683,3.500142570974862,2.9862194,3.3938123872697585
2020-07-20,4.0462694,4.0971488409437455,3.6997034778491216,3.4901662446948367,2.9791946,3.385386241158588
2020-07-27,4.1159983,4.1485637450366175,3.748924923208494,3.542369204409506,3.017453,3.4316695690567243
2020-08-03,4.200875,4.225141025595066,3.8054744555868396,3.606558744395414,3.0643585,3.487259510565051
2020-08-10,4.2301674,4.255100746222642,3.829197042958453,3.6313116293381933,3.079103,3.50788191288359
2020-08-17,4.2928877,4.32433442274232,3.8839831660206925,3.683079677268508,3.1134417,3.5540258697342275
2020-08-24,4.3728805,4.417772499879737,3.94774977329471,3.7491092452860166,3.155051,3.6101292668752123
2020-08-31,4.17133,4.163673926818676,3.750266910232159,3.579282457695363,3.0557215,3.4604209638879158
2020-09-08,4.25846,4.219899555714723,3.791592721787687,3.615589637744527,3.0858247,3.4961626762397304
2020-09-15,4.1514525,4.156911753842549,3.7350941651148544,3.5607556346566893,3.0354788,3.442150106275971
2020-09-22,4.1774707,4.171522478346907,3.7480627125691517,3.576374128902471,3.046428,3.45527794688119
2020-09-29,4.209647,4.187805935822731,3.765423255089154,3.5942393596752735,3.0609944,3.4718876931176816
2020-10-06,4.4006915,4.294365193388053,3.8563609740331257,3.70141467767434,3.1326704,3.5609231876574916
2020-10-13,4.315853,4.242612044846844,3.803718382488769,3.6523427974920657,3.0858433,3.5113014122630664
2020-10-20,4.2509975,4.201945548975948,3.7664502440065535,3.6088246442399945,3.0533905,3.473749746327036
2020-10-27,4.223472,4.1824047182956665,3.7472518934710806,3.5903730778993093,3.040243,3.4570108781205735
2020-11-03,4.4498353,4.3109570066825755,3.8468122926682646,3.697575267207174,3.1158824,3.55043583804921
2020-11-10,4.5325375,4.356639018864094,3.881393908522729,3.741014700770657,3.1445837,3.585621645386116
2020-11-17,4.565216,4.374129480991036,3.897412313247864,3.760108730243692,3.1583986,3.6018395809108803
2020-11-24,4.610087,4.397482908267334,3.920232049046781,3.7864667090237543,3.1773808,3.6244291058743356
2020-12-02,4.610842,4.397850761437626,3.920596992888566,3.786888974083009,3.1776888,3.624792354148353
2020-12-09,4.65257,4.4340564408041105,3.9486724087529845,3.817876530717487,3.1993291,3.651478810755393
2020-12-16,4.639583,4.42134960433342,3.938056680430792,3.808357161435354,3.1930168,3.6428753761421855
2020-12-23,4.7192307,4.511943101607295,3.9863341406230792,3.8746025607379875,3.2265482,3.690588985579077
2020-12-31,4.8123837,4.633068225129009,4.0560849758123565,3.9515223686426975,3.2745867,3.7544124180217415
2021-01-08,4.742203,4.5570009597166905,4.01593760942144,3.9051366001721544,3.2404034,3.714376125347118
2021-01-15,4.85189,4.6748704403146695,4.085728043963957,3.988248075274804,3.28642,3.7789980868995645
2021-01-25,4.7488933,4.565820724787251,4.0179410062934275,3.9107589608442406,3.2428076,3.717654741888361
2021-02-01,4.9291396,4.693182404676734,4.113633972680986,3.9958972060885545,3.303389,3.7969063527124094
2021-02-08,4.9517326,4.7087055549870485,4.128779281841428,4.0092162364196176,3.3145366,3.8100413812966485
2021-02-16,4.8911467,4.664458283820811,4.083917130324411,3.962522893615347,3.2836328,3.7697781656997877
2021-02-23,4.8790283,4.65501767611122,4.077061450379613,3.952670905515142,3.2785988,3.762805409637918
2021-03-02,4.886981,4.660228078319606,4.0816472663667565,3.9562176155748765,3.28199,3.7666788539714258
2021-03-09,4.9972982,4.735634592584123,4.133356327520248,4.0116680495817,3.3212135,3.8150954808299247
2021-03-16,4.9324913,4.692535746367775,4.092467558020862,3.968518940999093,3.2915883,3.7776030571291415
2021-03-23,4.998724,4.734249652765063,4.129788545334254,4.012585528624513,3.3205242,3.813943301924766
2021-03-30,5.1489134,4.837547211506935,4.222394100006823,4.115068734452763,3.3887563,3.9006954125530253
2021-04-07,5.2104597,4.891798523798881,4.27638554201318,4.157274890173753,3.4173684,3.941043291468649
2021-04-14,5.2689676,4.949256429134221,4.330203764028676,4.202766439023503,3.446859,3.982787315700956
2021-04-21,5.285808,4.9656399954014665,4.344915439175235,4.2144912132738375,3.4549108,3.993971319502086
2021-04-28,5.2649126,4.942775959404854,4.323748932551699,4.198634121781131,3.444589,3.978803722128305
2021-05-05,5.133971,4.780321832280557,4.2116566765688095,4.095258375684925,3.3801758,3.8878971899382755
2021-05-12,5.202988,4.8408406746323225,4.255151894149101,4.131136254099725,3.40439,3.921544303203665
2021-05-19,5.3069553,4.924087546767102,4.318577100563403,4.194251613224442,3.4518232,3.9791785518215916
2021-05-26,5.303157,4.920905060675748,4.315277591568296,4.191494275488901,3.4498909,3.976569109769704
2021-06-03,5.3644485,4.972859769786066,4.35956071966899,4.241038603557502,3.4799736,4.017143896616754
2021-06-10,5.343681,4.9543006889015135,4.3430565907377945,4.2241675875966544,3.4690852,4.0026338252578775
2021-06-17,5.40093,5.033383715239282,4.3931281596299385,4.272052295697947,3.4981754,4.043914839585251
2021-06-24,5.4686484,5.122387623904518,4.453156563000213,4.318949097938292,3.536685,4.091780344248079
2021-07-01,5.533317,5.205583411780932,4.530578790824531,4.369842303767053,3.5734224,4.144406358472755
2021-07-09,5.4802103,5.143546349597591,4.489073749837806,4.332845472257776,3.5480683,4.11045293516085
2021-07-16,5.5894732,5.265750153233029,4.585763232968331,4.414886816592592,3.60671,4.188099172916336
2021-07-23,5.5713058,5.246802423392462,4.5727340643608665,4.40341368935793,3.597477,4.176944881993026
2021-07-30,5.621871,5.298878757818923,4.612594733552775,4.441208976334745,3.6240149,4.211206159916911
2021-08-06,5.6654496,5.343118136409475,4.653979883511429,4.474766294458038,3.6506698,4.244598037466769
2021-08-13,5.632924,5.306692954237582,4.615643870293185,4.447381779175449,3.6319227,4.217583020802123
2021-08-20,5.7204633,5.4288784676558945,4.6939560411510755,4.510962327482098,3.6780202,4.278940655972807
2021-08-27,5.756418,5.476944372626176,4.730726154762914,4.536784918453639,3.6985505,4.3059124373450395
2021-09-03,5.6738358,5.3589870303855625,4.63703995500797,4.469046495647783,3.6496625,4.238085039402176
2021-09-13,5.5321803,5.161711097768887,4.52068152105627,4.356518827211358,3.5747807,4.138533465776935
2021-09-20,5.641794,5.283960049263801,4.588510368791181,4.421120347602642,3.6188588,4.196468569640001
2021-09-27,5.463353,5.094496127347084,4.4482582056640165,4.301417174830336,3.5164697,4.076410588340153
2021-10-04,5.540465,5.155697284980532,4.4942166627649875,4.342861986983897,3.5437915,4.113833988218324
2021-10-11,5.6997867,5.2752469528049755,4.590790665689354,4.445656270819573,3.617513,4.204145097577632
2021-10-18,5.8063416,5.351057638877705,4.66108206727836,4.5137586884076475,3.672239,4.268270660862601
2021-10-25,5.86357,5.397448036098566,4.706309423958302,4.555894243230184,3.6984375,4.305224036250886
2021-11-01,5.976881,5.506005043320036,4.799894912993394,4.643281581500116,3.7663171,4.387577353832293
2021-11-08,5.957762,5.482736182607947,4.7808419058270015,4.627974499271225,3.755418,4.3728738828664975
2021-11-15,5.9595466,5.484985772334815,4.78250977599785,4.6293373317123985,3.7563126,4.374143744286435
2021-11-22,5.8064685,5.2736530735407525,4.651367404946987,4.5039175321271365,3.6820784,4.2670667943378175
2021-11-30,5.968595,5.416542317086605,4.751031545229486,4.58178081422718,3.747713,4.347127935463557
2021-12-07,5.9058847,5.3735915838687145,4.722126337798097,4.552987897748645,3.720256,4.31872133999951
2021-12-14,5.9227977,5.384673991199741,4.731696752797277,4.562895088943932,3.7287328,4.328040190291649
2021-12-21,6.107237,5.49002803948234,4.822717856889149,4.656836698331972,3.8010445,4.41343379911864
2021-12-29,5.990844,5.422127634053713,4.739403358089616,4.584617481496174,3.731668,4.338520643408363
2022-01-05,6.0246096,5.443973679230114,4.761464218253127,4.603478648971808,3.7431746,4.355433136012395
2022-01-12,5.7141833,5.212786859290707,4.568186972062985,4.389029725493622,3.598005,4.173144250614915
2022-01-20,5.515802,5.070581150513155,4.469737716877219,4.278326036354857,3.5209608,4.078569233970798
2022-01-27,5.7122645,5.21859589481214,4.541909801364016,4.3981431846320085,3.5786364,4.158105898099378
2022-02-03,5.747055,5.237567617855656,4.555692170185114,4.412910331735563,3.5921316,4.172246085852926
2022-02-10,5.590243,5.154145984915421,4.495687458542217,4.337805392900004,3.5367112,4.109183999713533
2022-02-17,5.5990667,5.158547056512992,4.499222988129053,4.3418075021454445,3.5399399,4.112783332000537
2022-02-25,5.527695,5.124163481759224,4.470478984211769,4.311223681525163,3.5130467,4.0840337494449415
2022-03-04,5.37293,5.0463301141616865,4.402600607038036,4.230354733274285,3.4598496,4.01758503038736
2022-03-11,5.703322,5.196660359789415,4.540602642899888,4.377518388420442,3.5753522,4.150738189921566
2022-03-18,5.808146,5.2426115620328755,4.58766244838302,4.424146799933734,3.6177611,4.196147964286039
2022-03-25,5.811096,5.243922767790281,4.589115134705189,4.425601920209586,3.6190057,4.197530950704072
2022-04-01,5.7424545,5.21018615579993,4.551429460232959,4.38612025232008,3.5860279,4.160845235143048
2022-04-08,5.619283,5.136134111358715,4.480252309607075,4.307087374886943,3.5313199,4.0932234481139
2022-04-18,5.497909,5.053642370607899,4.404097197645577,4.233493794885514,3.4793699,4.02683456833061
2022-04-25,5.317899,4.946312064103333,4.313827218289017,4.1509918175301594,3.4109793,3.9468008696125954
2022-05-02,5.108638,4.852695021405474,4.224574713068222,4.078939114171015,3.3538637,3.875030030259293
2022-05-09,5.133271,4.861773952529116,4.234199428045539,4.08643945454424,3.3595219,3.8824667118934735
2022-05-16,5.0926003,4.847003381898,4.217885283777157,4.0689166907804,3.3458612,3.8666797437934184
2022-05-23,5.298013,4.9149176900953435,4.293202372080215,4.149368592733079,3.413041,3.940959159333028
2022-05-31,5.334066,4.927224711139264,4.307884147189792,4.164922922681941,3.4264987,3.9555303628191574
2022-06-07,4.796861,4.706613983259818,4.088602640002881,3.890806143547786,3.2324862,3.7282634505956254
2022-06-14,4.824283,4.717180362382938,4.099827115755042,3.9001745934756435,3.2377775,3.7365227698457626
2022-06-22,4.9009533,4.748232615636516,4.128250514457848,3.9304347656313054,3.2626843,3.76438140023991
2022-06-29,5.0124145,4.791122337995676,4.182842009151664,3.9792577805712437,3.30268,3.811915946035864
2022-07-07,4.8696404,4.733515411824154,4.121781178979015,3.9005513036502917,3.2550495,3.75064254627375
2022-07-14,5.1386952,4.856928622790504,4.2300801394188845,4.083144594430669,3.3386385,3.8692455093550486
2022-07-21,5.2325034,4.906082992502372,4.274204126013079,4.130544273279814,3.3750353,3.9117792497722927
2022-07-28,5.3368764,4.965464026700898,4.323298078157261,4.178986306268957,3.4117918,3.956229809368087
2022-08-04,5.4118714,5.008489403108613,4.368127299267066,4.221255192359442,3.4425547,3.9950619328272676
2022-08-11,5.5136695,5.066522806854703,4.418176360467768,4.280163422054171,3.4848723,4.045124027720627
2022-08-18,5.4056864,4.996112107879542,4.3490283415242645,4.208408920727683,3.4374363,3.9832900200833503
2022-08-25,5.1081543,4.81710899344599,4.171105137659704,4.042361729947836,3.3115861,3.8281359019458443
2022-09-01,5.2393327,4.893266355625273,4.242040527207542,4.111733018552128,3.3596792,3.890088180548923
2022-09-09,4.988626,4.758121912392092,4.106087471765897,3.9802480799923594,3.2480881,3.7640124034296596
2022-09-16,4.760775,4.65254326571838,3.998308463343221,3.882559528333165,3.1768365,3.6730120301893936
2022-09-23,4.621427,4.587451811976836,3.933382275915194,3.8140706629360417,3.1276717,3.6126828422263655
2022-09-30,4.694013,4.623142642413321,3.9652578009179322,3.847986500834356,3.1482327,3.6408467646218803
2022-10-07,4.6272483,4.595462466377055,3.940492656257369,3.8226527131001387,3.1288416,3.6178198050766723
2022-10-14,4.8428073,4.6928920576219735,4.0222822345095395,3.9099956014482498,3.1883457,3.6931398514450153
2022-10-21,5.0333934,4.7719746111383605,4.0919824602031785,3.9903580422007328,3.2509043,3.763748695649119
2022-10-28,4.869461,4.706329269308899,4.021126641907193,3.917506671136922,3.192852,3.696731703395653
2022-11-04,5.156182,4.835606430339121,4.125059342152027,4.046408974878961,3.2784111,3.8015422868707223
2022-11-11,5.1240935,4.823794045224619,4.112944646658114,4.0372483948803275,3.2677116,3.790996075431307
2022-11-18,5.12254,4.823099300075192,4.112237049767932,4.036329239901203,3.267197,3.7902938080749298
2022-11-28,5.170154,4.843873584421967,4.135204572669008,4.061421676511656,3.284986,3.812047368069957
2022-12-05,5.161875,4.840274384024213,4.1315004530024835,4.057616294733651,3.2819254,3.808536127169558
2022-12-12,4.9395247,4.740676952584469,4.011914882641456,3.9410449517657296,3.2011328,3.70435524761572
2022-12-19,4.9574614,4.751204633756191,4.020207447498963,3.949892807666311,3.207206,3.7120046392029846
2022-12-27,4.9881372,4.768823811218516,4.036092687961528,3.967579716078711,3.2180736,3.7265325746821185
2023-01-04,5.140994,4.866207517099628,4.107084345334167,4.059563098959532,3.2707663,3.796717830726665
2023-01-11,5.0515676,4.812055438525397,4.06134988635217,4.011923349823912,3.2344403,3.753768292213401
2023-01-19,5.260967,4.955146607190877,4.17675094732203,4.135661959233441,3.3185074,3.8601810401630825
2023-01-26,5.4173336,5.061689672453802,4.258849293139981,4.227400541565831,3.3811347,3.9381184493093975
2023-02-02,5.291382,4.9793603157640325,4.197333221021282,4.16224965778778,3.3309216,3.8794548791654653
2023-02-09,5.30685,4.98994451326824,4.204987919039294,4.1708684673746,3.3367734,3.8867633523228524
2023-02-16,5.152173,4.88618141123248,4.127451473334329,4.079118836906138,3.2681348,3.807929406894886
2023-02-24,5.2536883,4.958235080436761,4.177097000899175,4.138274618479302,3.3082998,3.857029838720483
2023-03-03,5.0160837,4.7846298791011765,4.041889265992852,4.001282411320186,3.204152,3.732406518011314
2023-03-10,5.088462,4.836132395490815,4.08032590543129,4.0374811981322996,3.223659,3.762501780183462
2023-03-17,5.1636176,4.8850948599723,4.116354581745742,4.075090885948831,3.2493427,3.7952086512999315
2023-03-24,5.3415866,5.000949923417678,4.202843779917929,4.173386090295261,3.3168516,3.8783921283146525
2023-03-31,5.3444586,5.002682861026785,4.2043967855533255,4.174971219745811,3.3181071,3.8798485291256486
2023-04-10,5.4009557,5.0406439021411265,4.23756930140895,4.215311587502063,3.3427234,3.9119636558068684
2023-04-17,5.3838634,5.0270882325625665,4.225468351446379,4.203211009452155,3.3346376,3.90137899756829
2023-04-24,5.421439,5.070468946232756,4.254207493747366,4.233070410551618,3.3526633,3.9263166428148844
2023-05-01,5.385298,5.036660332875411,4.224110695149168,4.211686857640908,3.335533,3.9040859384555353
2023-05-08,5.388821,5.039527620759617,4.226784502044358,4.213650280512013,3.3369107,3.9060225423323063
2023-05-15,5.4642363,5.106153075464944,4.28229902107579,4.26818236994141,3.3716507,3.953286999000833
2023-05-22,5.4823728,5.120909649124699,4.296384518365625,4.280930541175412,3.3802967,3.964889221560428
2023-05-30,5.584797,5.211551405521122,4.366728863706267,4.346133891573389,3.4269257,4.024742305461374
2023-06-06,5.6973977,5.309916672103494,4.454466647937256,4.419635201766962,3.484628,4.096726595075408
2023-06-13,5.696037,5.308554729449095,4.453300225560243,4.418662745615359,3.4839437,4.095857953167487
2023-06-21,5.7150254,5.327005147707257,4.467992785648143,4.431934375352901,3.4927099,4.107838151130777
2023-06-28,5.75785,5.369619983841899,4.5023621787026835,4.461757343630213,3.5131512,4.135429127987168
2023-07-06,5.8875017,5.518431143139402,4.598853140444926,4.551897826102423,3.5678456,4.213548897114751
2023-07-13,5.9218135,5.555382223504436,4.625609045691419,4.575439883747009,3.5848465,4.235605759104744
2023-07-20,5.9258733,5.5600983989781865,4.629032735828144,4.57833473066685,3.5866575,4.238268473336137
2023-07-27,5.8780723,5.500156323141077,4.593956642047372,4.542018029708114,3.5644617,4.207821689325976
2023-08-03,5.839701,5.453418377408024,4.565321747204301,4.516451366336302,3.5444338,4.183398950919906
2023-08-10,5.713717,5.304605748628909,4.484623888227683,4.42586839615459,3.4820037,4.10640275614217
2023-08-17,5.7215743,5.313291601426463,4.490364623122751,4.430980340828414,3.4861736,4.11141195575452
2023-08-24,5.8978477,5.483277004540682,4.6095316114306595,4.534527734760724,3.5758176,4.214899338160767
2023-08-31,5.8345933,5.4259602984246635,4.560786536331739,4.494185110569157,3.5434449,4.17494475210483
2023-09-08,5.826918,5.418172198114297,4.5545422100078845,4.488385859121566,3.539611,4.169777381181467
2023-09-15,5.6567254,5.254007272262961,4.423020053403646,4.379824748766552,3.4523633,4.0621247526242845
2023-09-22,5.6180863,5.2196578267587235,4.393049685991687,4.356444144911469,3.433513,4.03847050018805
2023-09-29,5.64516,5.247128111698843,4.411130362644112,4.374453826375903,3.4471433,4.054978773379091
2023-10-06,5.670919,5.270275828868934,4.425948560101694,4.390326915878604,3.4593492,4.069203259789545
2023-10-13,5.535422,5.150504888685084,4.341588010294292,4.295250652209969,3.3972576,3.989890013416175
2023-10-20,5.3972964,5.0365113152248915,4.252048714848251,4.215171355891536,3.3351276,3.9134680421611816
2023-10-27,5.7128434,5.304772413112739,4.444103234143062,4.401505460797948,3.4706986,4.082913099862862
2023-11-03,5.7906466,5.362270579125042,4.492915444766381,4.4409443680586165,3.5124793,4.126170899025585
2023-11-10,5.924437,5.458859245685059,4.578238665773992,4.514669040455163,3.5771883,4.200385394088746
2023-11-17,5.9729323,5.493482027671284,4.614449715958483,4.544232325414277,3.6023006,4.2303645761181645
2023-11-27,6.001976,5.516515473755069,4.641045904354636,4.565318879584176,3.6188436,4.251392022711122
2023-12-04,6.0716305,5.579417614394262,4.689212535632485,4.617946078130525,3.6558602,4.296891430213745
2023-12-11,6.2279396,5.744663185781837,4.830578772138572,4.736209535095248,3.7448475,4.41112607177697
2023-12-18,6.276499,5.811449781932771,4.872493838735958,4.770283363282522,3.772483,4.445195002828307
2023-12-26,6.1859775,5.705161943164859,4.793074208740283,4.71052993549237,3.7267935,4.385093145560246
2024-01-03,6.288507,5.81837972864442,4.877759512282732,4.782761554934031,3.7806025,4.454218249917755
2024-01-10,6.2875843,5.817335295920995,4.876893821921013,4.782101519542096,3.7800248,4.453551745763216
2024-01-18,6.4398613,5.987774856068358,4.992347369104915,4.888570639491228,3.8525822,4.549896978024086
2024-01-25,6.4553013,6.00685367897066,5.004822097846518,4.899635527070084,3.8606033,4.560247959201475
2024-02-01,6.5756454,6.122520999322494,5.103670122706151,4.966143739060613,3.9192574,4.633087562581737
2024-02-08,6.6243367,6.171838301024729,5.1509689664891365,4.997667588522784,3.9440384,4.666406225512681
2024-02-15,6.7013993,6.24055324721677,5.2119364772187495,5.04468207447418,3.978577,4.712680898964445
2024-02-23,6.7673764,6.295513200238871,5.260175541726556,5.0810994068980735,4.0129743,4.752011161414204
2024-03-01,6.7524657,6.283172268013148,5.247777095665803,5.071290466732227,4.004442,4.741885102644154
2024-03-08,6.7484283,6.27932235102787,5.244873910038848,5.0686856868619845,4.0024567,4.739420473164809
2024-03-15,6.899062,6.425501747851337,5.351887602598101,5.17194169937899,4.079273,4.834118590639438
2024-03-22,6.9116354,6.437816988079206,5.362878057201947,5.180839004108829,4.0870075,4.843228094083575
2024-04-01,6.8661017,6.383690534430043,5.323433635542565,5.146400960084778,4.063874,4.811710991969776
2024-04-08,6.6772156,6.170442813682405,5.171022131869138,5.022044455731438,3.9727046,4.691688368121739
2024-04-15,6.614606,6.108764756639921,5.134411224134657,4.98759132145431,3.9450514,4.659007639163884
2024-04-22,6.751473,6.242998496102975,5.218660263508537,5.071912720459711,4.0105505,4.736524151115348
2024-04-29,6.837642,6.32205124794221,5.272822128728183,5.128054933957219,4.053236,4.7871729062019766
2024-05-06,6.8950906,6.3677234754950955,5.307213323228778,5.159550531401407,4.0841513,4.819462614332103
2024-05-13,7.0162063,6.471551923495116,5.39766843784494,5.244409636243651,4.153024,4.900344263483341
2024-05-20,7.0128975,6.468381176541305,5.394740543128247,5.242004966216521,4.1509495,4.897897958384123
2024-05-28,6.994101,6.449188990209951,5.379671378070962,5.228158240489473,4.1403556,4.884882349169793
2024-06-04,7.1074066,6.583049842465939,5.463629183832771,5.310246567483624,4.197483,4.958199697959307
2024-06-11,7.2601566,6.78305803699054,5.58557223845788,5.423720992936917,4.2777,5.061769856217697
2024-06-18,7.244006,6.760976108928531,5.570626314311193,5.411850693561156,4.2664895,5.049193150980433
2024-06-26,7.3230186,6.871537186442569,5.639133943068347,5.474141818005406,4.31634,5.108958210525975
2024-07-03,7.3896804,6.965365207008876,5.702082882671991,5.524975649204571,4.3592353,5.16058155008753
2024-07-11,7.3389535,6.893644084133591,5.655332751956021,5.490515729489212,4.330302,5.124585057691785
2024-07-18,7.1497226,6.6618068573631,5.520238346211883,5.375626398603043,4.236008,5.0110176388629455
2024-07-25,7.210808,6.716147223737433,5.558470172435512,5.406236202060933,4.2613673,5.041988624357714
2024-08-01,7.046676,6.592605697631578,5.473852931724267,5.3258616236901,4.1946836,4.96513685630331
2024-08-08,7.3443975,6.754456498330964,5.58446075863892,5.437083739644793,4.277226,5.065681331269379
2024-08-15,7.386227,6.775882883598984,5.603470503887577,5.4552091589452525,4.298074,5.084972926367324
2024-08-22,7.4145117,6.790781337693244,5.617458613015063,5.471142970714316,4.3081336,5.0982240840250235
2024-08-29,7.1756163,6.654667982944712,5.499932571270844,5.310488433118365,4.193479,4.968827071329083
2024-09-06,7.463115,6.851721596362965,5.658790424966696,5.453410765569655,4.2831964,5.095720420620219
2024-09-13,7.569124,6.933162002537644,5.726341573861295,5.513041115293076,4.3298664,5.15302285816239
2024-09-20,7.612015,6.966984579279055,5.75144921595866,5.537693440999623,4.348311,5.175560804344364
2024-09-27,7.632128,6.9835749235273035,5.765097977521507,5.551677098498538,4.357756,5.187734745374863
2024-10-04,7.72004,7.06718433063128,5.81633941111967,5.61087099523218,4.3977175,5.237242527367284
2024-10-11,7.7867746,7.140198647410308,5.869046530906884,5.654700391027969,4.430857,5.279725205837494
2024-10-18,7.7128468,7.061200435616063,5.810727910620219,5.6032644765312805,4.39207,5.230897504572547
2024-10-25,7.6062856,6.93118019204663,5.734792600154295,5.5255793392415296,4.3448544,5.1656045875659995
2024-11-01,7.967926,7.295576301484023,5.997429228522034,5.730208626184268,4.5136466,5.374290660758134
2024-11-08,7.802223,7.158762977997771,5.883782462416456,5.6508676475529915,4.452037,5.292068213699732
2024-11-15,7.9322286,7.264921993775805,5.970443132822441,5.722753301838639,4.512821,5.3644580683850664
2024-11-22,8.040387,7.354028109673289,6.05080637989974,5.795022345388615,4.5609655,5.429902050843291
2024-12-02,8.054374,7.36528336060645,6.062337117063258,5.804935059574416,4.56834,5.439350449758812
2024-12-09,8.082479,7.402923199180396,6.090993366053997,5.825575380209165,4.5824327,5.459679658436925
2024-12-16,7.947967,7.218120339848173,5.966856111339577,5.727815571193634,4.5110855,5.364381569310829
2024-12-23,7.832895,7.1191103209158415,5.8950645117238585,5.672483553531862,4.46734,5.308555404334422
2024-12-31,7.8784695,7.154435306443606,5.924225256118716,5.697075064757339,4.4878817,5.333079126095599
2025-01-08,7.9072037,7.175260783129893,5.941421553779074,5.713644997778634,4.500301,5.348363071829999
2025-01-16,8.125451,7.318405097795833,6.074674500974398,5.829355563237694,4.6034265,5.465185233614267
2025-01-24,8.043257,7.254625345960554,6.019695105475253,5.779563465854511,4.560458,5.416165944171733
2025-01-31,8.029225,7.243540996387035,6.012258653520457,5.7709937890868135,4.5548434,5.409075797340471
2025-02-07,8.148573,7.34171970099907,6.079532686564012,5.846275618174126,4.602137,5.471207528767631
2025-02-14,7.9816456,7.193999130838513,5.958950403256476,5.7365487492495015,4.5159187,5.366671967278593
2025-02-24,7.8020225,7.02173854429226,5.84092697251089,5.63259657016497,4.45564,5.276213974965808
2025-03-03,7.4920883,6.775280932610769,5.685418141625184,5.493985437878099,4.341435,5.141148803845827
2025-03-10,7.579896,6.8283282312194,5.722065601607148,5.526553505081816,4.3730288,5.174707277712971
2025-03-17,7.6955957,6.8917309653103205,5.777466325221498,5.575065462928245,4.4255815,5.226819104840996
2025-03-24,7.4986753,6.790322746861217,5.689981337558808,5.4841630674927995,4.339455,5.138665196664322
2025-03-31,6.761261,6.407182479563621,5.373680491017943,5.133012503593657,4.0760884,4.830347259684521
2025-04-07,7.226954,6.572472951810218,5.486489536889107,5.234652439017576,4.1524005,4.926072813595936
2025-04-14,7.0678353,6.536497293584892,5.448005116936302,5.208813589760578,4.125078,4.896013287316077
2025-04-22,7.4307113,6.61751587417219,5.554275112691402,5.293558934216032,4.2292643,4.993994177850582
2025-04-29,7.4907665,6.630340880971773,5.5734873055537015,5.313624485000938,4.245245,5.012345336560881
2025-05-06,7.866644,6.715528430841415,5.686909899498264,5.481711620082717,4.3502746,5.138470107443692
2025-05-13,7.9472084,6.751667122267602,5.718778274344055,5.511719372962826,4.3763847,5.167759614470382
2025-05-20,7.8785744,6.71721756993294,5.68481766978951,5.475068201126366,4.3506594,5.1359977818941935
2025-05-28,7.9884973,6.78419682065664,5.736611903502067,5.525638372999439,4.3879375,5.182053736971096
2025-06-04,8.061287,6.83063672131083,5.778654965948274,5.568793558296224,4.4164104,5.219302628058358
2025-06-11,8.008739,6.797134625791012,5.749843954226674,5.535107481209693,4.3960404,5.1922954790104665
2025-06-18,8.226422,6.97444648802934,5.880768356260029,5.665916959002431,4.477094,5.303918450139904
2025-06-26,8.407523,7.125634543107938,5.99898076171113,5.772166485202158,4.549471,5.400807870851646
2025-07-03,8.384398,7.102462789014482,5.980906172226628,5.757509316852812,4.5406017,5.387535712999761
2025-07-11,8.437641,7.156591045618125,6.02061203017287,5.793270402685471,4.5606904,5.41812177182636
2025-07-18,8.565634,7.305024598052145,6.128816203710783,5.8829290804781005,4.6150055,5.4988883541655715
2025-07-25,8.358853,7.040311172791358,5.921250158175713,5.7390756437781185,4.5308466,5.362999932287929
2025-08-01,8.5667095,7.282798260894378,6.058800458671294,5.854665195344197,4.602948,5.467727584689272
2025-08-08,8.650874,7.36941057668895,6.123520389915355,5.902132399366151,4.6432104,5.517563939727098
2025-08-15,8.676017,7.394196670962854,6.1447000032106915,5.918045624346088,4.6545277,5.533235405868031
2025-08-22,8.672521,7.3908792622888235,6.141983407148637,5.915961534289049,4.6529837,5.5311756827220435
2025-08-29,8.723341,7.435755522983545,6.183279317741641,5.948204381622708,4.675018,5.56202507541621
2025-09-08,8.885753,7.616040937670852,6.306675446836365,6.053862910520957,4.7442245,5.658694911829228
2025-09-15,8.990337,7.739668470562162,6.3972229310671755,6.123416723267752,4.7887325,5.724146091324507
2025-09-22,8.947733,7.690091943258036,6.3623080118564355,6.094129796195952,4.7693105,5.697114084318005
2025-09-29,9.054645,7.827689108760997,6.445894548128514,6.167637093427513,4.8163805,5.763245342312321
2025-10-06,8.939104,7.677863133390213,6.349297184341203,6.0840330190597856,4.76822,5.690297574065756
2025-10-13,9.050465,7.771794911396766,6.416997579410003,6.12841521778289,4.8114433,5.740969479085301
2025-10-20,9.238403,7.922738700897004,6.528057491974577,6.222838246851121,4.8840065,5.832280929607553
2025-10-27,9.212789,7.903151557387251,6.512616860182231,6.209234021011681,4.8730783,5.819089287887487
2025-11-03,9.187171,7.8840504905697735,6.497574745332623,6.193602607650856,4.863128,5.805890282395528
2025-11-10,8.974561,7.743084480035992,6.3909935531198245,6.086390756313728,4.786275,5.7101292606775775
2025-11-17,9.015816,7.776164647689994,6.412602951797212,6.107707823517459,4.800104,5.728700890294287
2025-11-24,9.188386,7.898165165482231,6.493101407700177,6.186733090766166,4.8685756,5.804593476980648
2025-12-02,9.208743,7.913066171299384,6.504404099722869,6.197900163582587,4.8788257,5.8154894633347745
2025-12-09,9.152523,7.8681599225272505,6.465453697398571,6.160169154650846,4.8529506,5.781940015830275
2025-12-16,9.302482,8.00502387403531,6.549878709568395,6.25739511951508,4.9210777,5.864332502497545
2025-12-23,9.220809,7.92700697941911,6.4897045262807955,6.208733989549494,4.8806005,5.815269080368431
2025-12-31,9.32344,8.051389360794323,6.581547841420775,6.275067673277861,4.927323,5.881110785017761
2026-01-08,9.360353,8.094636387432098,6.611947260953175,6.300075418036211,4.943567,5.90426048051723
2026-01-15,9.319653,8.04291583778485,6.58219974255503,6.271692720451492,4.9249487,5.87926412372502
2026-01-23,9.356703,8.080283985580474,6.60777995458394,6.291359749483214,4.9383144,5.898140975289731
2026-01-30,9.3384495,8.061284710784848,6.596117407770298,6.2793873694111975,4.929491,5.887479025294932
2026-02-06,9.218511,7.961652089347895,6.530707291069439,6.223759263072262,4.8870807,5.833853617438334
2026-02-13,9.227164,7.968210334709896,6.535471809933923,6.2281511887494725,4.8904343,5.837976739725646
2026-02-23,9.2811165,8.015955637820303,6.566708893525673,6.258408020237238,4.913184,5.865779607930091
2026-03-02,9.171453,7.922564596713779,6.511348882564118,6.190820867300208,4.869699,5.811253302585972
2026-03-09,9.046512,7.825875397219075,6.458558038727433,6.123468132319872,4.8233786,5.756444406466748
2026-03-16,8.88614,7.694082745112657,6.379739046193129,6.039449771349004,4.7546535,5.6795400236619775
2026-03-23,8.568729,7.453722375466804,6.241315975491977,5.884658889403817,4.6355186,5.542870996907717
2026-03-30,8.938205,7.707918916403072,6.407230745916091,6.0536754925068355,4.7605896,5.6948266047119445
2026-04-07,9.416017,7.987574255309781,6.629232473135742,6.274271397280372,4.944457,5.902883088266477
2026-04-14,9.546452,8.05745900722078,6.694295695002502,6.330570268565527,5.0080633,5.964443221207583
2026-04-21,9.649634,8.113276818828592,6.7497226307158025,6.383197778291321,5.0558357,6.016314698336118
2026-04-28,9.813423,8.209364519138541,6.8420198502812655,6.4773306337308165,5.138664,6.1059183131801955
2026-05-05,10.008804,8.35506674894956,6.960933080493186,6.593278255966192,5.228112,6.2132148129874345
2026-05-12,9.948467,8.302422498668689,6.919673487249632,6.557244833595827,5.200284,6.178631332203209
2026-05-19,10.175305,8.515305566317501,7.062989044497976,6.686997177684039,5.3067203,6.304183876542835
2026-05-27,10.226558,8.564943124409702,7.101822479598405,6.718371528788556,5.3327155,6.335817547547998
2026-06-03,9.83593,8.178099212117486,6.787009790109074,6.466832857733485,5.1591086,6.0963811245988975
2026-06-10,10.046497,8.336943001989932,6.887134145081188,6.558068651597911,5.2317595,6.183632801562823
2026-06-17,9.981845,8.295053039145733,6.855012697987758,6.531099579199465,5.2056575,6.155368236097477
2026-06-25,10.124308,8.383520034986121,6.919500309087384,6.601286727683303,5.2581353,6.21740793773105
2026-07-02,10.262554,8.46390744749291,6.977912410431754,6.67362744668625,5.320202,6.281468640736635
2026-07-10,10.104051,8.359784071133593,6.897031203604045,6.583154931349015,5.238134,6.197088716425537
2026-07-17,10.044783,8.311689342773233,6.868190725366206,6.549368458923581,5.215906,6.169218925140755
2026-07-24,10.154892,8.412266503555907,6.929046974048967,6.612185342809088,5.266835,6.2271874233110625
2026-07-31,10.511454,8.712053105303164,7.11136668239284,6.779203404681596,5.4127293,6.391618580450333
2026-08-07,10.553322,8.741895512469357,7.137264112393929,6.799232791656364,5.431894,6.413122530390343
2026-08-14,10.408957,8.634590473658967,7.030778618579169,6.71481920233376,5.368172,6.3300861031573605
2026-08-21,10.4583025,8.671771426539607,7.063347631945639,6.7444078529282665,5.390691,6.358036436927396
2026-08-28,10.469721,8.681306313250454,7.071504767849892,6.751706791793823,5.395903,6.3648083421913455
2026-09-04,10.343163,8.52307920910649,6.963746218515634,6.675637979880815,5.3435755,6.28950022918305
2026-09-14,10.540825,8.747791846466614,7.097741017633351,6.793687980845659,5.4253335,6.398514206543849
